[
    {
        "outputFile": "D:\\projects\\VirtualEyeDoc\\app\\build\\intermediates\\res\\merged\\debug\\values-mn-rMN\\values-mn-rMN.xml",
        "map": [
            {
                "to": {
                    "startLine": 2,
                    "startColumn": 4,
                    "startOffset": 55,
                    "endColumn": 112,
                    "endOffset": 163
                },
                "from": {
                    "file": "D:\\projects\\VirtualEyeDoc\\app\\build\\intermediates\\exploded-aar\\com.android.support\\appcompat-v7\\23.1.1\\res\\values-mn-rMN\\values-mn-rMN.xml",
                    "position": {
                        "startLine": 4,
                        "startColumn": 4,
                        "startOffset": 233,
                        "endColumn": 112,
                        "endOffset": 341
                    }
                }
            },
            {
                "to": {
                    "startLine": 3,
                    "startColumn": 4,
                    "startOffset": 168,
                    "endColumn": 107,
                    "endOffset": 271
                },
                "from": {
                    "file": "D:\\projects\\VirtualEyeDoc\\app\\build\\intermediates\\exploded-aar\\com.android.support\\appcompat-v7\\23.1.1\\res\\values-mn-rMN\\values-mn-rMN.xml",
                    "position": {
                        "startLine": 5,
                        "startColumn": 4,
                        "startOffset": 346,
                        "endColumn": 107,
                        "endOffset": 449
                    }
                }
            },
            {
                "to": {
                    "startLine": 4,
                    "startColumn": 4,
                    "startOffset": 276,
                    "endColumn": 122,
                    "endOffset": 394
                },
                "from": {
                    "file": "D:\\projects\\VirtualEyeDoc\\app\\build\\intermediates\\exploded-aar\\com.android.support\\appcompat-v7\\23.1.1\\res\\values-mn-rMN\\values-mn-rMN.xml",
                    "position": {
                        "startLine": 6,
                        "startColumn": 4,
                        "startOffset": 454,
                        "endColumn": 122,
                        "endOffset": 572
                    }
                }
            },
            {
                "to": {
                    "startLine": 5,
                    "startColumn": 4,
                    "startOffset": 399,
                    "endColumn": 99,
                    "endOffset": 494
                },
                "from": {
                    "file": "D:\\projects\\VirtualEyeDoc\\app\\build\\intermediates\\exploded-aar\\com.android.support\\appcompat-v7\\23.1.1\\res\\values-mn-rMN\\values-mn-rMN.xml",
                    "position": {
                        "startLine": 7,
                        "startColumn": 4,
                        "startOffset": 577,
                        "endColumn": 99,
                        "endOffset": 672
                    }
                }
            },
            {
                "to": {
                    "startLine": 6,
                    "startColumn": 4,
                    "startOffset": 499,
                    "endColumn": 112,
                    "endOffset": 607
                },
                "from": {
                    "file": "D:\\projects\\VirtualEyeDoc\\app\\build\\intermediates\\exploded-aar\\com.android.support\\appcompat-v7\\23.1.1\\res\\values-mn-rMN\\values-mn-rMN.xml",
                    "position": {
                        "startLine": 8,
                        "startColumn": 4,
                        "startOffset": 677,
                        "endColumn": 112,
                        "endOffset": 785
                    }
                }
            },
            {
                "to": {
                    "startLine": 7,
                    "startColumn": 4,
                    "startOffset": 612,
                    "endColumn": 86,
                    "endOffset": 694
                },
                "from": {
                    "file": "D:\\projects\\VirtualEyeDoc\\app\\build\\intermediates\\exploded-aar\\com.android.support\\appcompat-v7\\23.1.1\\res\\values-mn-rMN\\values-mn-rMN.xml",
                    "position": {
                        "startLine": 9,
                        "startColumn": 4,
                        "startOffset": 790,
                        "endColumn": 86,
                        "endOffset": 872
                    }
                }
            },
            {
                "to": {
                    "startLine": 8,
                    "startColumn": 4,
                    "startOffset": 699,
                    "endColumn": 105,
                    "endOffset": 800
                },
                "from": {
                    "file": "D:\\projects\\VirtualEyeDoc\\app\\build\\intermediates\\exploded-aar\\com.android.support\\appcompat-v7\\23.1.1\\res\\values-mn-rMN\\values-mn-rMN.xml",
                    "position": {
                        "startLine": 10,
                        "startColumn": 4,
                        "startOffset": 877,
                        "endColumn": 105,
                        "endOffset": 978
                    }
                }
            },
            {
                "to": {
                    "startLine": 9,
                    "startColumn": 4,
                    "startOffset": 805,
                    "endColumn": 111,
                    "endOffset": 912
                },
                "from": {
                    "file": "D:\\projects\\VirtualEyeDoc\\app\\build\\intermediates\\exploded-aar\\com.android.support\\appcompat-v7\\23.1.1\\res\\values-mn-rMN\\values-mn-rMN.xml",
                    "position": {
                        "startLine": 11,
                        "startColumn": 4,
                        "startOffset": 983,
                        "endColumn": 111,
                        "endOffset": 1090
                    }
                }
            },
            {
                "to": {
                    "startLine": 10,
                    "startColumn": 4,
                    "startOffset": 917,
                    "endColumn": 81,
                    "endOffset": 994
                },
                "from": {
                    "file": "D:\\projects\\VirtualEyeDoc\\app\\build\\intermediates\\exploded-aar\\com.android.support\\appcompat-v7\\23.1.1\\res\\values-mn-rMN\\values-mn-rMN.xml",
                    "position": {
                        "startLine": 12,
                        "startColumn": 4,
                        "startOffset": 1095,
                        "endColumn": 81,
                        "endOffset": 1172
                    }
                }
            },
            {
                "to": {
                    "startLine": 11,
                    "startColumn": 4,
                    "startOffset": 999,
                    "endColumn": 81,
                    "endOffset": 1076
                },
                "from": {
                    "file": "D:\\projects\\VirtualEyeDoc\\app\\build\\intermediates\\exploded-aar\\com.android.support\\appcompat-v7\\23.1.1\\res\\values-mn-rMN\\values-mn-rMN.xml",
                    "position": {
                        "startLine": 13,
                        "startColumn": 4,
                        "startOffset": 1177,
                        "endColumn": 81,
                        "endOffset": 1254
                    }
                }
            },
            {
                "to": {
                    "startLine": 12,
                    "startColumn": 4,
                    "startOffset": 1081,
                    "endColumn": 81,
                    "endOffset": 1158
                },
                "from": {
                    "file": "D:\\projects\\VirtualEyeDoc\\app\\build\\intermediates\\exploded-aar\\com.android.support\\appcompat-v7\\23.1.1\\res\\values-mn-rMN\\values-mn-rMN.xml",
                    "position": {
                        "startLine": 14,
                        "startColumn": 4,
                        "startOffset": 1259,
                        "endColumn": 81,
                        "endOffset": 1336
                    }
                }
            },
            {
                "to": {
                    "startLine": 13,
                    "startColumn": 4,
                    "startOffset": 1163,
                    "endColumn": 108,
                    "endOffset": 1267
                },
                "from": {
                    "file": "D:\\projects\\VirtualEyeDoc\\app\\build\\intermediates\\exploded-aar\\com.android.support\\appcompat-v7\\23.1.1\\res\\values-mn-rMN\\values-mn-rMN.xml",
                    "position": {
                        "startLine": 15,
                        "startColumn": 4,
                        "startOffset": 1341,
                        "endColumn": 108,
                        "endOffset": 1445
                    }
                }
            },
            {
                "to": {
                    "startLine": 14,
                    "startColumn": 4,
                    "startOffset": 1272,
                    "endColumn": 103,
                    "endOffset": 1371
                },
                "from": {
                    "file": "D:\\projects\\VirtualEyeDoc\\app\\build\\intermediates\\exploded-aar\\com.android.support\\appcompat-v7\\23.1.1\\res\\values-mn-rMN\\values-mn-rMN.xml",
                    "position": {
                        "startLine": 16,
                        "startColumn": 4,
                        "startOffset": 1450,
                        "endColumn": 103,
                        "endOffset": 1549
                    }
                }
            },
            {
                "to": {
                    "startLine": 15,
                    "startColumn": 4,
                    "startOffset": 1376,
                    "endColumn": 96,
                    "endOffset": 1468
                },
                "from": {
                    "file": "D:\\projects\\VirtualEyeDoc\\app\\build\\intermediates\\exploded-aar\\com.android.support\\appcompat-v7\\23.1.1\\res\\values-mn-rMN\\values-mn-rMN.xml",
                    "position": {
                        "startLine": 17,
                        "startColumn": 4,
                        "startOffset": 1554,
                        "endColumn": 96,
                        "endOffset": 1646
                    }
                }
            },
            {
                "to": {
                    "startLine": 16,
                    "startColumn": 4,
                    "startOffset": 1473,
                    "endColumn": 107,
                    "endOffset": 1576
                },
                "from": {
                    "file": "D:\\projects\\VirtualEyeDoc\\app\\build\\intermediates\\exploded-aar\\com.android.support\\appcompat-v7\\23.1.1\\res\\values-mn-rMN\\values-mn-rMN.xml",
                    "position": {
                        "startLine": 18,
                        "startColumn": 4,
                        "startOffset": 1651,
                        "endColumn": 107,
                        "endOffset": 1754
                    }
                }
            },
            {
                "to": {
                    "startLine": 17,
                    "startColumn": 4,
                    "startOffset": 1581,
                    "endColumn": 100,
                    "endOffset": 1677
                },
                "from": {
                    "file": "D:\\projects\\VirtualEyeDoc\\app\\build\\intermediates\\exploded-aar\\com.android.support\\appcompat-v7\\23.1.1\\res\\values-mn-rMN\\values-mn-rMN.xml",
                    "position": {
                        "startLine": 19,
                        "startColumn": 4,
                        "startOffset": 1759,
                        "endColumn": 100,
                        "endOffset": 1855
                    }
                }
            },
            {
                "to": {
                    "startLine": 18,
                    "startColumn": 4,
                    "startOffset": 1682,
                    "endColumn": 102,
                    "endOffset": 1780
                },
                "from": {
                    "file": "D:\\projects\\VirtualEyeDoc\\app\\build\\intermediates\\exploded-aar\\com.android.support\\appcompat-v7\\23.1.1\\res\\values-mn-rMN\\values-mn-rMN.xml",
                    "position": {
                        "startLine": 20,
                        "startColumn": 4,
                        "startOffset": 1860,
                        "endColumn": 102,
                        "endOffset": 1958
                    }
                }
            },
            {
                "to": {
                    "startLine": 19,
                    "startColumn": 4,
                    "startOffset": 1785,
                    "endColumn": 121,
                    "endOffset": 1902
                },
                "from": {
                    "file": "D:\\projects\\VirtualEyeDoc\\app\\build\\intermediates\\exploded-aar\\com.android.support\\appcompat-v7\\23.1.1\\res\\values-mn-rMN\\values-mn-rMN.xml",
                    "position": {
                        "startLine": 21,
                        "startColumn": 4,
                        "startOffset": 1963,
                        "endColumn": 121,
                        "endOffset": 2080
                    }
                }
            },
            {
                "to": {
                    "startLine": 20,
                    "startColumn": 4,
                    "startOffset": 1907,
                    "endColumn": 96,
                    "endOffset": 1999
                },
                "from": {
                    "file": "D:\\projects\\VirtualEyeDoc\\app\\build\\intermediates\\exploded-aar\\com.android.support\\appcompat-v7\\23.1.1\\res\\values-mn-rMN\\values-mn-rMN.xml",
                    "position": {
                        "startLine": 22,
                        "startColumn": 4,
                        "startOffset": 2085,
                        "endColumn": 96,
                        "endOffset": 2177
                    }
                }
            },
            {
                "to": {
                    "startLine": 21,
                    "startColumn": 4,
                    "startOffset": 2004,
                    "endColumn": 100,
                    "endOffset": 2100
                },
                "from": {
                    "file": "D:\\projects\\VirtualEyeDoc\\app\\build\\intermediates\\exploded-aar\\com.android.support\\appcompat-v7\\23.1.1\\res\\values-mn-rMN\\values-mn-rMN.xml",
                    "position": {
                        "startLine": 23,
                        "startColumn": 4,
                        "startOffset": 2182,
                        "endColumn": 100,
                        "endOffset": 2278
                    }
                }
            }
        ]
    },
    {
        "outputFile": "C:\\Users\\Shaborni\\AndroidStudioProjects\\VirtualEyeDoc\\app\\build\\intermediates\\res\\merged\\debug\\values-mn-rMN\\values-mn-rMN.xml",
        "map": [
            {
                "to": {
                    "startLine": 2,
                    "startColumn": 4,
                    "startOffset": 55,
                    "endColumn": 112,
                    "endOffset": 163
                },
                "from": {
                    "file": "C:\\Users\\Shaborni\\AndroidStudioProjects\\VirtualEyeDoc\\app\\build\\intermediates\\exploded-aar\\com.android.support\\appcompat-v7\\23.1.1\\res\\values-mn-rMN\\values-mn-rMN.xml",
                    "position": {
                        "startLine": 4,
                        "startColumn": 4,
                        "startOffset": 233,
                        "endColumn": 112,
                        "endOffset": 341
                    }
                }
            },
            {
                "to": {
                    "startLine": 3,
                    "startColumn": 4,
                    "startOffset": 168,
                    "endColumn": 107,
                    "endOffset": 271
                },
                "from": {
                    "file": "C:\\Users\\Shaborni\\AndroidStudioProjects\\VirtualEyeDoc\\app\\build\\intermediates\\exploded-aar\\com.android.support\\appcompat-v7\\23.1.1\\res\\values-mn-rMN\\values-mn-rMN.xml",
                    "position": {
                        "startLine": 5,
                        "startColumn": 4,
                        "startOffset": 346,
                        "endColumn": 107,
                        "endOffset": 449
                    }
                }
            },
            {
                "to": {
                    "startLine": 4,
                    "startColumn": 4,
                    "startOffset": 276,
                    "endColumn": 122,
                    "endOffset": 394
                },
                "from": {
                    "file": "C:\\Users\\Shaborni\\AndroidStudioProjects\\VirtualEyeDoc\\app\\build\\intermediates\\exploded-aar\\com.android.support\\appcompat-v7\\23.1.1\\res\\values-mn-rMN\\values-mn-rMN.xml",
                    "position": {
                        "startLine": 6,
                        "startColumn": 4,
                        "startOffset": 454,
                        "endColumn": 122,
                        "endOffset": 572
                    }
                }
            },
            {
                "to": {
                    "startLine": 5,
                    "startColumn": 4,
                    "startOffset": 399,
                    "endColumn": 99,
                    "endOffset": 494
                },
                "from": {
                    "file": "C:\\Users\\Shaborni\\AndroidStudioProjects\\VirtualEyeDoc\\app\\build\\intermediates\\exploded-aar\\com.android.support\\appcompat-v7\\23.1.1\\res\\values-mn-rMN\\values-mn-rMN.xml",
                    "position": {
                        "startLine": 7,
                        "startColumn": 4,
                        "startOffset": 577,
                        "endColumn": 99,
                        "endOffset": 672
                    }
                }
            },
            {
                "to": {
                    "startLine": 6,
                    "startColumn": 4,
                    "startOffset": 499,
                    "endColumn": 112,
                    "endOffset": 607
                },
                "from": {
                    "file": "C:\\Users\\Shaborni\\AndroidStudioProjects\\VirtualEyeDoc\\app\\build\\intermediates\\exploded-aar\\com.android.support\\appcompat-v7\\23.1.1\\res\\values-mn-rMN\\values-mn-rMN.xml",
                    "position": {
                        "startLine": 8,
                        "startColumn": 4,
                        "startOffset": 677,
                        "endColumn": 112,
                        "endOffset": 785
                    }
                }
            },
            {
                "to": {
                    "startLine": 7,
                    "startColumn": 4,
                    "startOffset": 612,
                    "endColumn": 86,
                    "endOffset": 694
                },
                "from": {
                    "file": "C:\\Users\\Shaborni\\AndroidStudioProjects\\VirtualEyeDoc\\app\\build\\intermediates\\exploded-aar\\com.android.support\\appcompat-v7\\23.1.1\\res\\values-mn-rMN\\values-mn-rMN.xml",
                    "position": {
                        "startLine": 9,
                        "startColumn": 4,
                        "startOffset": 790,
                        "endColumn": 86,
                        "endOffset": 872
                    }
                }
            },
            {
                "to": {
                    "startLine": 8,
                    "startColumn": 4,
                    "startOffset": 699,
                    "endColumn": 105,
                    "endOffset": 800
                },
                "from": {
                    "file": "C:\\Users\\Shaborni\\AndroidStudioProjects\\VirtualEyeDoc\\app\\build\\intermediates\\exploded-aar\\com.android.support\\appcompat-v7\\23.1.1\\res\\values-mn-rMN\\values-mn-rMN.xml",
                    "position": {
                        "startLine": 10,
                        "startColumn": 4,
                        "startOffset": 877,
                        "endColumn": 105,
                        "endOffset": 978
                    }
                }
            },
            {
                "to": {
                    "startLine": 9,
                    "startColumn": 4,
                    "startOffset": 805,
                    "endColumn": 111,
                    "endOffset": 912
                },
                "from": {
                    "file": "C:\\Users\\Shaborni\\AndroidStudioProjects\\VirtualEyeDoc\\app\\build\\intermediates\\exploded-aar\\com.android.support\\appcompat-v7\\23.1.1\\res\\values-mn-rMN\\values-mn-rMN.xml",
                    "position": {
                        "startLine": 11,
                        "startColumn": 4,
                        "startOffset": 983,
                        "endColumn": 111,
                        "endOffset": 1090
                    }
                }
            },
            {
                "to": {
                    "startLine": 10,
                    "startColumn": 4,
                    "startOffset": 917,
                    "endColumn": 81,
                    "endOffset": 994
                },
                "from": {
                    "file": "C:\\Users\\Shaborni\\AndroidStudioProjects\\VirtualEyeDoc\\app\\build\\intermediates\\exploded-aar\\com.android.support\\appcompat-v7\\23.1.1\\res\\values-mn-rMN\\values-mn-rMN.xml",
                    "position": {
                        "startLine": 12,
                        "startColumn": 4,
                        "startOffset": 1095,
                        "endColumn": 81,
                        "endOffset": 1172
                    }
                }
            },
            {
                "to": {
                    "startLine": 11,
                    "startColumn": 4,
                    "startOffset": 999,
                    "endColumn": 81,
                    "endOffset": 1076
                },
                "from": {
                    "file": "C:\\Users\\Shaborni\\AndroidStudioProjects\\VirtualEyeDoc\\app\\build\\intermediates\\exploded-aar\\com.android.support\\appcompat-v7\\23.1.1\\res\\values-mn-rMN\\values-mn-rMN.xml",
                    "position": {
                        "startLine": 13,
                        "startColumn": 4,
                        "startOffset": 1177,
                        "endColumn": 81,
                        "endOffset": 1254
                    }
                }
            },
            {
                "to": {
                    "startLine": 12,
                    "startColumn": 4,
                    "startOffset": 1081,
                    "endColumn": 81,
                    "endOffset": 1158
                },
                "from": {
                    "file": "C:\\Users\\Shaborni\\AndroidStudioProjects\\VirtualEyeDoc\\app\\build\\intermediates\\exploded-aar\\com.android.support\\appcompat-v7\\23.1.1\\res\\values-mn-rMN\\values-mn-rMN.xml",
                    "position": {
                        "startLine": 14,
                        "startColumn": 4,
                        "startOffset": 1259,
                        "endColumn": 81,
                        "endOffset": 1336
                    }
                }
            },
            {
                "to": {
                    "startLine": 13,
                    "startColumn": 4,
                    "startOffset": 1163,
                    "endColumn": 108,
                    "endOffset": 1267
                },
                "from": {
                    "file": "C:\\Users\\Shaborni\\AndroidStudioProjects\\VirtualEyeDoc\\app\\build\\intermediates\\exploded-aar\\com.android.support\\appcompat-v7\\23.1.1\\res\\values-mn-rMN\\values-mn-rMN.xml",
                    "position": {
                        "startLine": 15,
                        "startColumn": 4,
                        "startOffset": 1341,
                        "endColumn": 108,
                        "endOffset": 1445
                    }
                }
            },
            {
                "to": {
                    "startLine": 14,
                    "startColumn": 4,
                    "startOffset": 1272,
                    "endColumn": 103,
                    "endOffset": 1371
                },
                "from": {
                    "file": "C:\\Users\\Shaborni\\AndroidStudioProjects\\VirtualEyeDoc\\app\\build\\intermediates\\exploded-aar\\com.android.support\\appcompat-v7\\23.1.1\\res\\values-mn-rMN\\values-mn-rMN.xml",
                    "position": {
                        "startLine": 16,
                        "startColumn": 4,
                        "startOffset": 1450,
                        "endColumn": 103,
                        "endOffset": 1549
                    }
                }
            },
            {
                "to": {
                    "startLine": 15,
                    "startColumn": 4,
                    "startOffset": 1376,
                    "endColumn": 96,
                    "endOffset": 1468
                },
                "from": {
                    "file": "C:\\Users\\Shaborni\\AndroidStudioProjects\\VirtualEyeDoc\\app\\build\\intermediates\\exploded-aar\\com.android.support\\appcompat-v7\\23.1.1\\res\\values-mn-rMN\\values-mn-rMN.xml",
                    "position": {
                        "startLine": 17,
                        "startColumn": 4,
                        "startOffset": 1554,
                        "endColumn": 96,
                        "endOffset": 1646
                    }
                }
            },
            {
                "to": {
                    "startLine": 16,
                    "startColumn": 4,
                    "startOffset": 1473,
                    "endColumn": 107,
                    "endOffset": 1576
                },
                "from": {
                    "file": "C:\\Users\\Shaborni\\AndroidStudioProjects\\VirtualEyeDoc\\app\\build\\intermediates\\exploded-aar\\com.android.support\\appcompat-v7\\23.1.1\\res\\values-mn-rMN\\values-mn-rMN.xml",
                    "position": {
                        "startLine": 18,
                        "startColumn": 4,
                        "startOffset": 1651,
                        "endColumn": 107,
                        "endOffset": 1754
                    }
                }
            },
            {
                "to": {
                    "startLine": 17,
                    "startColumn": 4,
                    "startOffset": 1581,
                    "endColumn": 100,
                    "endOffset": 1677
                },
                "from": {
                    "file": "C:\\Users\\Shaborni\\AndroidStudioProjects\\VirtualEyeDoc\\app\\build\\intermediates\\exploded-aar\\com.android.support\\appcompat-v7\\23.1.1\\res\\values-mn-rMN\\values-mn-rMN.xml",
                    "position": {
                        "startLine": 19,
                        "startColumn": 4,
                        "startOffset": 1759,
                        "endColumn": 100,
                        "endOffset": 1855
                    }
                }
            },
            {
                "to": {
                    "startLine": 18,
                    "startColumn": 4,
                    "startOffset": 1682,
                    "endColumn": 102,
                    "endOffset": 1780
                },
                "from": {
                    "file": "C:\\Users\\Shaborni\\AndroidStudioProjects\\VirtualEyeDoc\\app\\build\\intermediates\\exploded-aar\\com.android.support\\appcompat-v7\\23.1.1\\res\\values-mn-rMN\\values-mn-rMN.xml",
                    "position": {
                        "startLine": 20,
                        "startColumn": 4,
                        "startOffset": 1860,
                        "endColumn": 102,
                        "endOffset": 1958
                    }
                }
            },
            {
                "to": {
                    "startLine": 19,
                    "startColumn": 4,
                    "startOffset": 1785,
                    "endColumn": 121,
                    "endOffset": 1902
                },
                "from": {
                    "file": "C:\\Users\\Shaborni\\AndroidStudioProjects\\VirtualEyeDoc\\app\\build\\intermediates\\exploded-aar\\com.android.support\\appcompat-v7\\23.1.1\\res\\values-mn-rMN\\values-mn-rMN.xml",
                    "position": {
                        "startLine": 21,
                        "startColumn": 4,
                        "startOffset": 1963,
                        "endColumn": 121,
                        "endOffset": 2080
                    }
                }
            },
            {
                "to": {
                    "startLine": 20,
                    "startColumn": 4,
                    "startOffset": 1907,
                    "endColumn": 96,
                    "endOffset": 1999
                },
                "from": {
                    "file": "C:\\Users\\Shaborni\\AndroidStudioProjects\\VirtualEyeDoc\\app\\build\\intermediates\\exploded-aar\\com.android.support\\appcompat-v7\\23.1.1\\res\\values-mn-rMN\\values-mn-rMN.xml",
                    "position": {
                        "startLine": 22,
                        "startColumn": 4,
                        "startOffset": 2085,
                        "endColumn": 96,
                        "endOffset": 2177
                    }
                }
            },
            {
                "to": {
                    "startLine": 21,
                    "startColumn": 4,
                    "startOffset": 2004,
                    "endColumn": 100,
                    "endOffset": 2100
                },
                "from": {
                    "file": "C:\\Users\\Shaborni\\AndroidStudioProjects\\VirtualEyeDoc\\app\\build\\intermediates\\exploded-aar\\com.android.support\\appcompat-v7\\23.1.1\\res\\values-mn-rMN\\values-mn-rMN.xml",
                    "position": {
                        "startLine": 23,
                        "startColumn": 4,
                        "startOffset": 2182,
                        "endColumn": 100,
                        "endOffset": 2278
                    }
                }
            }
        ]
    },
    {
        "outputFile": "D:\\VirtualEyeDoc\\app\\build\\intermediates\\res\\merged\\debug\\values-mn-rMN\\values-mn-rMN.xml",
        "map": [
            {
                "to": {
                    "startLine": 2,
                    "startColumn": 4,
                    "startOffset": 55,
                    "endColumn": 112,
                    "endOffset": 163
                },
                "from": {
                    "file": "D:\\VirtualEyeDoc\\app\\build\\intermediates\\exploded-aar\\com.android.support\\appcompat-v7\\23.1.1\\res\\values-mn-rMN\\values-mn-rMN.xml",
                    "position": {
                        "startLine": 4,
                        "startColumn": 4,
                        "startOffset": 233,
                        "endColumn": 112,
                        "endOffset": 341
                    }
                }
            },
            {
                "to": {
                    "startLine": 3,
                    "startColumn": 4,
                    "startOffset": 168,
                    "endColumn": 107,
                    "endOffset": 271
                },
                "from": {
                    "file": "D:\\VirtualEyeDoc\\app\\build\\intermediates\\exploded-aar\\com.android.support\\appcompat-v7\\23.1.1\\res\\values-mn-rMN\\values-mn-rMN.xml",
                    "position": {
                        "startLine": 5,
                        "startColumn": 4,
                        "startOffset": 346,
                        "endColumn": 107,
                        "endOffset": 449
                    }
                }
            },
            {
                "to": {
                    "startLine": 4,
                    "startColumn": 4,
                    "startOffset": 276,
                    "endColumn": 122,
                    "endOffset": 394
                },
                "from": {
                    "file": "D:\\VirtualEyeDoc\\app\\build\\intermediates\\exploded-aar\\com.android.support\\appcompat-v7\\23.1.1\\res\\values-mn-rMN\\values-mn-rMN.xml",
                    "position": {
                        "startLine": 6,
                        "startColumn": 4,
                        "startOffset": 454,
                        "endColumn": 122,
                        "endOffset": 572
                    }
                }
            },
            {
                "to": {
                    "startLine": 5,
                    "startColumn": 4,
                    "startOffset": 399,
                    "endColumn": 99,
                    "endOffset": 494
                },
                "from": {
                    "file": "D:\\VirtualEyeDoc\\app\\build\\intermediates\\exploded-aar\\com.android.support\\appcompat-v7\\23.1.1\\res\\values-mn-rMN\\values-mn-rMN.xml",
                    "position": {
                        "startLine": 7,
                        "startColumn": 4,
                        "startOffset": 577,
                        "endColumn": 99,
                        "endOffset": 672
                    }
                }
            },
            {
                "to": {
                    "startLine": 6,
                    "startColumn": 4,
                    "startOffset": 499,
                    "endColumn": 112,
                    "endOffset": 607
                },
                "from": {
                    "file": "D:\\VirtualEyeDoc\\app\\build\\intermediates\\exploded-aar\\com.android.support\\appcompat-v7\\23.1.1\\res\\values-mn-rMN\\values-mn-rMN.xml",
                    "position": {
                        "startLine": 8,
                        "startColumn": 4,
                        "startOffset": 677,
                        "endColumn": 112,
                        "endOffset": 785
                    }
                }
            },
            {
                "to": {
                    "startLine": 7,
                    "startColumn": 4,
                    "startOffset": 612,
                    "endColumn": 86,
                    "endOffset": 694
                },
                "from": {
                    "file": "D:\\VirtualEyeDoc\\app\\build\\intermediates\\exploded-aar\\com.android.support\\appcompat-v7\\23.1.1\\res\\values-mn-rMN\\values-mn-rMN.xml",
                    "position": {
                        "startLine": 9,
                        "startColumn": 4,
                        "startOffset": 790,
                        "endColumn": 86,
                        "endOffset": 872
                    }
                }
            },
            {
                "to": {
                    "startLine": 8,
                    "startColumn": 4,
                    "startOffset": 699,
                    "endColumn": 105,
                    "endOffset": 800
                },
                "from": {
                    "file": "D:\\VirtualEyeDoc\\app\\build\\intermediates\\exploded-aar\\com.android.support\\appcompat-v7\\23.1.1\\res\\values-mn-rMN\\values-mn-rMN.xml",
                    "position": {
                        "startLine": 10,
                        "startColumn": 4,
                        "startOffset": 877,
                        "endColumn": 105,
                        "endOffset": 978
                    }
                }
            },
            {
                "to": {
                    "startLine": 9,
                    "startColumn": 4,
                    "startOffset": 805,
                    "endColumn": 111,
                    "endOffset": 912
                },
                "from": {
                    "file": "D:\\VirtualEyeDoc\\app\\build\\intermediates\\exploded-aar\\com.android.support\\appcompat-v7\\23.1.1\\res\\values-mn-rMN\\values-mn-rMN.xml",
                    "position": {
                        "startLine": 11,
                        "startColumn": 4,
                        "startOffset": 983,
                        "endColumn": 111,
                        "endOffset": 1090
                    }
                }
            },
            {
                "to": {
                    "startLine": 10,
                    "startColumn": 4,
                    "startOffset": 917,
                    "endColumn": 81,
                    "endOffset": 994
                },
                "from": {
                    "file": "D:\\VirtualEyeDoc\\app\\build\\intermediates\\exploded-aar\\com.android.support\\appcompat-v7\\23.1.1\\res\\values-mn-rMN\\values-mn-rMN.xml",
                    "position": {
                        "startLine": 12,
                        "startColumn": 4,
                        "startOffset": 1095,
                        "endColumn": 81,
                        "endOffset": 1172
                    }
                }
            },
            {
                "to": {
                    "startLine": 11,
                    "startColumn": 4,
                    "startOffset": 999,
                    "endColumn": 81,
                    "endOffset": 1076
                },
                "from": {
                    "file": "D:\\VirtualEyeDoc\\app\\build\\intermediates\\exploded-aar\\com.android.support\\appcompat-v7\\23.1.1\\res\\values-mn-rMN\\values-mn-rMN.xml",
                    "position": {
                        "startLine": 13,
                        "startColumn": 4,
                        "startOffset": 1177,
                        "endColumn": 81,
                        "endOffset": 1254
                    }
                }
            },
            {
                "to": {
                    "startLine": 12,
                    "startColumn": 4,
                    "startOffset": 1081,
                    "endColumn": 81,
                    "endOffset": 1158
                },
                "from": {
                    "file": "D:\\VirtualEyeDoc\\app\\build\\intermediates\\exploded-aar\\com.android.support\\appcompat-v7\\23.1.1\\res\\values-mn-rMN\\values-mn-rMN.xml",
                    "position": {
                        "startLine": 14,
                        "startColumn": 4,
                        "startOffset": 1259,
                        "endColumn": 81,
                        "endOffset": 1336
                    }
                }
            },
            {
                "to": {
                    "startLine": 13,
                    "startColumn": 4,
                    "startOffset": 1163,
                    "endColumn": 108,
                    "endOffset": 1267
                },
                "from": {
                    "file": "D:\\VirtualEyeDoc\\app\\build\\intermediates\\exploded-aar\\com.android.support\\appcompat-v7\\23.1.1\\res\\values-mn-rMN\\values-mn-rMN.xml",
                    "position": {
                        "startLine": 15,
                        "startColumn": 4,
                        "startOffset": 1341,
                        "endColumn": 108,
                        "endOffset": 1445
                    }
                }
            },
            {
                "to": {
                    "startLine": 14,
                    "startColumn": 4,
                    "startOffset": 1272,
                    "endColumn": 103,
                    "endOffset": 1371
                },
                "from": {
                    "file": "D:\\VirtualEyeDoc\\app\\build\\intermediates\\exploded-aar\\com.android.support\\appcompat-v7\\23.1.1\\res\\values-mn-rMN\\values-mn-rMN.xml",
                    "position": {
                        "startLine": 16,
                        "startColumn": 4,
                        "startOffset": 1450,
                        "endColumn": 103,
                        "endOffset": 1549
                    }
                }
            },
            {
                "to": {
                    "startLine": 15,
                    "startColumn": 4,
                    "startOffset": 1376,
                    "endColumn": 96,
                    "endOffset": 1468
                },
                "from": {
                    "file": "D:\\VirtualEyeDoc\\app\\build\\intermediates\\exploded-aar\\com.android.support\\appcompat-v7\\23.1.1\\res\\values-mn-rMN\\values-mn-rMN.xml",
                    "position": {
                        "startLine": 17,
                        "startColumn": 4,
                        "startOffset": 1554,
                        "endColumn": 96,
                        "endOffset": 1646
                    }
                }
            },
            {
                "to": {
                    "startLine": 16,
                    "startColumn": 4,
                    "startOffset": 1473,
                    "endColumn": 107,
                    "endOffset": 1576
                },
                "from": {
                    "file": "D:\\VirtualEyeDoc\\app\\build\\intermediates\\exploded-aar\\com.android.support\\appcompat-v7\\23.1.1\\res\\values-mn-rMN\\values-mn-rMN.xml",
                    "position": {
                        "startLine": 18,
                        "startColumn": 4,
                        "startOffset": 1651,
                        "endColumn": 107,
                        "endOffset": 1754
                    }
                }
            },
            {
                "to": {
                    "startLine": 17,
                    "startColumn": 4,
                    "startOffset": 1581,
                    "endColumn": 100,
                    "endOffset": 1677
                },
                "from": {
                    "file": "D:\\VirtualEyeDoc\\app\\build\\intermediates\\exploded-aar\\com.android.support\\appcompat-v7\\23.1.1\\res\\values-mn-rMN\\values-mn-rMN.xml",
                    "position": {
                        "startLine": 19,
                        "startColumn": 4,
                        "startOffset": 1759,
                        "endColumn": 100,
                        "endOffset": 1855
                    }
                }
            },
            {
                "to": {
                    "startLine": 18,
                    "startColumn": 4,
                    "startOffset": 1682,
                    "endColumn": 102,
                    "endOffset": 1780
                },
                "from": {
                    "file": "D:\\VirtualEyeDoc\\app\\build\\intermediates\\exploded-aar\\com.android.support\\appcompat-v7\\23.1.1\\res\\values-mn-rMN\\values-mn-rMN.xml",
                    "position": {
                        "startLine": 20,
                        "startColumn": 4,
                        "startOffset": 1860,
                        "endColumn": 102,
                        "endOffset": 1958
                    }
                }
            },
            {
                "to": {
                    "startLine": 19,
                    "startColumn": 4,
                    "startOffset": 1785,
                    "endColumn": 121,
                    "endOffset": 1902
                },
                "from": {
                    "file": "D:\\VirtualEyeDoc\\app\\build\\intermediates\\exploded-aar\\com.android.support\\appcompat-v7\\23.1.1\\res\\values-mn-rMN\\values-mn-rMN.xml",
                    "position": {
                        "startLine": 21,
                        "startColumn": 4,
                        "startOffset": 1963,
                        "endColumn": 121,
                        "endOffset": 2080
                    }
                }
            },
            {
                "to": {
                    "startLine": 20,
                    "startColumn": 4,
                    "startOffset": 1907,
                    "endColumn": 96,
                    "endOffset": 1999
                },
                "from": {
                    "file": "D:\\VirtualEyeDoc\\app\\build\\intermediates\\exploded-aar\\com.android.support\\appcompat-v7\\23.1.1\\res\\values-mn-rMN\\values-mn-rMN.xml",
                    "position": {
                        "startLine": 22,
                        "startColumn": 4,
                        "startOffset": 2085,
                        "endColumn": 96,
                        "endOffset": 2177
                    }
                }
            },
            {
                "to": {
                    "startLine": 21,
                    "startColumn": 4,
                    "startOffset": 2004,
                    "endColumn": 100,
                    "endOffset": 2100
                },
                "from": {
                    "file": "D:\\VirtualEyeDoc\\app\\build\\intermediates\\exploded-aar\\com.android.support\\appcompat-v7\\23.1.1\\res\\values-mn-rMN\\values-mn-rMN.xml",
                    "position": {
                        "startLine": 23,
                        "startColumn": 4,
                        "startOffset": 2182,
                        "endColumn": 100,
                        "endOffset": 2278
                    }
                }
            }
        ]
    },
    {
        "outputFile": "C:\\Users\\ASUS\\Desktop\\VirtualEyeDoc\\app\\build\\intermediates\\res\\merged\\debug\\values-mn-rMN\\values-mn-rMN.xml",
        "map": [
            {
                "to": {
                    "startLine": 2,
                    "startColumn": 4,
                    "startOffset": 55,
                    "endColumn": 112,
                    "endOffset": 163
                },
                "from": {
                    "file": "C:\\Users\\ASUS\\Desktop\\VirtualEyeDoc\\app\\build\\intermediates\\exploded-aar\\com.android.support\\appcompat-v7\\23.1.1\\res\\values-mn-rMN\\values-mn-rMN.xml",
                    "position": {
                        "startLine": 4,
                        "startColumn": 4,
                        "startOffset": 233,
                        "endColumn": 112,
                        "endOffset": 341
                    }
                }
            },
            {
                "to": {
                    "startLine": 3,
                    "startColumn": 4,
                    "startOffset": 168,
                    "endColumn": 107,
                    "endOffset": 271
                },
                "from": {
                    "file": "C:\\Users\\ASUS\\Desktop\\VirtualEyeDoc\\app\\build\\intermediates\\exploded-aar\\com.android.support\\appcompat-v7\\23.1.1\\res\\values-mn-rMN\\values-mn-rMN.xml",
                    "position": {
                        "startLine": 5,
                        "startColumn": 4,
                        "startOffset": 346,
                        "endColumn": 107,
                        "endOffset": 449
                    }
                }
            },
            {
                "to": {
                    "startLine": 4,
                    "startColumn": 4,
                    "startOffset": 276,
                    "endColumn": 122,
                    "endOffset": 394
                },
                "from": {
                    "file": "C:\\Users\\ASUS\\Desktop\\VirtualEyeDoc\\app\\build\\intermediates\\exploded-aar\\com.android.support\\appcompat-v7\\23.1.1\\res\\values-mn-rMN\\values-mn-rMN.xml",
                    "position": {
                        "startLine": 6,
                        "startColumn": 4,
                        "startOffset": 454,
                        "endColumn": 122,
                        "endOffset": 572
                    }
                }
            },
            {
                "to": {
                    "startLine": 5,
                    "startColumn": 4,
                    "startOffset": 399,
                    "endColumn": 99,
                    "endOffset": 494
                },
                "from": {
                    "file": "C:\\Users\\ASUS\\Desktop\\VirtualEyeDoc\\app\\build\\intermediates\\exploded-aar\\com.android.support\\appcompat-v7\\23.1.1\\res\\values-mn-rMN\\values-mn-rMN.xml",
                    "position": {
                        "startLine": 7,
                        "startColumn": 4,
                        "startOffset": 577,
                        "endColumn": 99,
                        "endOffset": 672
                    }
                }
            },
            {
                "to": {
                    "startLine": 6,
                    "startColumn": 4,
                    "startOffset": 499,
                    "endColumn": 112,
                    "endOffset": 607
                },
                "from": {
                    "file": "C:\\Users\\ASUS\\Desktop\\VirtualEyeDoc\\app\\build\\intermediates\\exploded-aar\\com.android.support\\appcompat-v7\\23.1.1\\res\\values-mn-rMN\\values-mn-rMN.xml",
                    "position": {
                        "startLine": 8,
                        "startColumn": 4,
                        "startOffset": 677,
                        "endColumn": 112,
                        "endOffset": 785
                    }
                }
            },
            {
                "to": {
                    "startLine": 7,
                    "startColumn": 4,
                    "startOffset": 612,
                    "endColumn": 86,
                    "endOffset": 694
                },
                "from": {
                    "file": "C:\\Users\\ASUS\\Desktop\\VirtualEyeDoc\\app\\build\\intermediates\\exploded-aar\\com.android.support\\appcompat-v7\\23.1.1\\res\\values-mn-rMN\\values-mn-rMN.xml",
                    "position": {
                        "startLine": 9,
                        "startColumn": 4,
                        "startOffset": 790,
                        "endColumn": 86,
                        "endOffset": 872
                    }
                }
            },
            {
                "to": {
                    "startLine": 8,
                    "startColumn": 4,
                    "startOffset": 699,
                    "endColumn": 105,
                    "endOffset": 800
                },
                "from": {
                    "file": "C:\\Users\\ASUS\\Desktop\\VirtualEyeDoc\\app\\build\\intermediates\\exploded-aar\\com.android.support\\appcompat-v7\\23.1.1\\res\\values-mn-rMN\\values-mn-rMN.xml",
                    "position": {
                        "startLine": 10,
                        "startColumn": 4,
                        "startOffset": 877,
                        "endColumn": 105,
                        "endOffset": 978
                    }
                }
            },
            {
                "to": {
                    "startLine": 9,
                    "startColumn": 4,
                    "startOffset": 805,
                    "endColumn": 111,
                    "endOffset": 912
                },
                "from": {
                    "file": "C:\\Users\\ASUS\\Desktop\\VirtualEyeDoc\\app\\build\\intermediates\\exploded-aar\\com.android.support\\appcompat-v7\\23.1.1\\res\\values-mn-rMN\\values-mn-rMN.xml",
                    "position": {
                        "startLine": 11,
                        "startColumn": 4,
                        "startOffset": 983,
                        "endColumn": 111,
                        "endOffset": 1090
                    }
                }
            },
            {
                "to": {
                    "startLine": 10,
                    "startColumn": 4,
                    "startOffset": 917,
                    "endColumn": 81,
                    "endOffset": 994
                },
                "from": {
                    "file": "C:\\Users\\ASUS\\Desktop\\VirtualEyeDoc\\app\\build\\intermediates\\exploded-aar\\com.android.support\\appcompat-v7\\23.1.1\\res\\values-mn-rMN\\values-mn-rMN.xml",
                    "position": {
                        "startLine": 12,
                        "startColumn": 4,
                        "startOffset": 1095,
                        "endColumn": 81,
                        "endOffset": 1172
                    }
                }
            },
            {
                "to": {
                    "startLine": 11,
                    "startColumn": 4,
                    "startOffset": 999,
                    "endColumn": 81,
                    "endOffset": 1076
                },
                "from": {
                    "file": "C:\\Users\\ASUS\\Desktop\\VirtualEyeDoc\\app\\build\\intermediates\\exploded-aar\\com.android.support\\appcompat-v7\\23.1.1\\res\\values-mn-rMN\\values-mn-rMN.xml",
                    "position": {
                        "startLine": 13,
                        "startColumn": 4,
                        "startOffset": 1177,
                        "endColumn": 81,
                        "endOffset": 1254
                    }
                }
            },
            {
                "to": {
                    "startLine": 12,
                    "startColumn": 4,
                    "startOffset": 1081,
                    "endColumn": 81,
                    "endOffset": 1158
                },
                "from": {
                    "file": "C:\\Users\\ASUS\\Desktop\\VirtualEyeDoc\\app\\build\\intermediates\\exploded-aar\\com.android.support\\appcompat-v7\\23.1.1\\res\\values-mn-rMN\\values-mn-rMN.xml",
                    "position": {
                        "startLine": 14,
                        "startColumn": 4,
                        "startOffset": 1259,
                        "endColumn": 81,
                        "endOffset": 1336
                    }
                }
            },
            {
                "to": {
                    "startLine": 13,
                    "startColumn": 4,
                    "startOffset": 1163,
                    "endColumn": 108,
                    "endOffset": 1267
                },
                "from": {
                    "file": "C:\\Users\\ASUS\\Desktop\\VirtualEyeDoc\\app\\build\\intermediates\\exploded-aar\\com.android.support\\appcompat-v7\\23.1.1\\res\\values-mn-rMN\\values-mn-rMN.xml",
                    "position": {
                        "startLine": 15,
                        "startColumn": 4,
                        "startOffset": 1341,
                        "endColumn": 108,
                        "endOffset": 1445
                    }
                }
            },
            {
                "to": {
                    "startLine": 14,
                    "startColumn": 4,
                    "startOffset": 1272,
                    "endColumn": 103,
                    "endOffset": 1371
                },
                "from": {
                    "file": "C:\\Users\\ASUS\\Desktop\\VirtualEyeDoc\\app\\build\\intermediates\\exploded-aar\\com.android.support\\appcompat-v7\\23.1.1\\res\\values-mn-rMN\\values-mn-rMN.xml",
                    "position": {
                        "startLine": 16,
                        "startColumn": 4,
                        "startOffset": 1450,
                        "endColumn": 103,
                        "endOffset": 1549
                    }
                }
            },
            {
                "to": {
                    "startLine": 15,
                    "startColumn": 4,
                    "startOffset": 1376,
                    "endColumn": 96,
                    "endOffset": 1468
                },
                "from": {
                    "file": "C:\\Users\\ASUS\\Desktop\\VirtualEyeDoc\\app\\build\\intermediates\\exploded-aar\\com.android.support\\appcompat-v7\\23.1.1\\res\\values-mn-rMN\\values-mn-rMN.xml",
                    "position": {
                        "startLine": 17,
                        "startColumn": 4,
                        "startOffset": 1554,
                        "endColumn": 96,
                        "endOffset": 1646
                    }
                }
            },
            {
                "to": {
                    "startLine": 16,
                    "startColumn": 4,
                    "startOffset": 1473,
                    "endColumn": 107,
                    "endOffset": 1576
                },
                "from": {
                    "file": "C:\\Users\\ASUS\\Desktop\\VirtualEyeDoc\\app\\build\\intermediates\\exploded-aar\\com.android.support\\appcompat-v7\\23.1.1\\res\\values-mn-rMN\\values-mn-rMN.xml",
                    "position": {
                        "startLine": 18,
                        "startColumn": 4,
                        "startOffset": 1651,
                        "endColumn": 107,
                        "endOffset": 1754
                    }
                }
            },
            {
                "to": {
                    "startLine": 17,
                    "startColumn": 4,
                    "startOffset": 1581,
                    "endColumn": 100,
                    "endOffset": 1677
                },
                "from": {
                    "file": "C:\\Users\\ASUS\\Desktop\\VirtualEyeDoc\\app\\build\\intermediates\\exploded-aar\\com.android.support\\appcompat-v7\\23.1.1\\res\\values-mn-rMN\\values-mn-rMN.xml",
                    "position": {
                        "startLine": 19,
                        "startColumn": 4,
                        "startOffset": 1759,
                        "endColumn": 100,
                        "endOffset": 1855
                    }
                }
            },
            {
                "to": {
                    "startLine": 18,
                    "startColumn": 4,
                    "startOffset": 1682,
                    "endColumn": 102,
                    "endOffset": 1780
                },
                "from": {
                    "file": "C:\\Users\\ASUS\\Desktop\\VirtualEyeDoc\\app\\build\\intermediates\\exploded-aar\\com.android.support\\appcompat-v7\\23.1.1\\res\\values-mn-rMN\\values-mn-rMN.xml",
                    "position": {
                        "startLine": 20,
                        "startColumn": 4,
                        "startOffset": 1860,
                        "endColumn": 102,
                        "endOffset": 1958
                    }
                }
            },
            {
                "to": {
                    "startLine": 19,
                    "startColumn": 4,
                    "startOffset": 1785,
                    "endColumn": 121,
                    "endOffset": 1902
                },
                "from": {
                    "file": "C:\\Users\\ASUS\\Desktop\\VirtualEyeDoc\\app\\build\\intermediates\\exploded-aar\\com.android.support\\appcompat-v7\\23.1.1\\res\\values-mn-rMN\\values-mn-rMN.xml",
                    "position": {
                        "startLine": 21,
                        "startColumn": 4,
                        "startOffset": 1963,
                        "endColumn": 121,
                        "endOffset": 2080
                    }
                }
            },
            {
                "to": {
                    "startLine": 20,
                    "startColumn": 4,
                    "startOffset": 1907,
                    "endColumn": 96,
                    "endOffset": 1999
                },
                "from": {
                    "file": "C:\\Users\\ASUS\\Desktop\\VirtualEyeDoc\\app\\build\\intermediates\\exploded-aar\\com.android.support\\appcompat-v7\\23.1.1\\res\\values-mn-rMN\\values-mn-rMN.xml",
                    "position": {
                        "startLine": 22,
                        "startColumn": 4,
                        "startOffset": 2085,
                        "endColumn": 96,
                        "endOffset": 2177
                    }
                }
            },
            {
                "to": {
                    "startLine": 21,
                    "startColumn": 4,
                    "startOffset": 2004,
                    "endColumn": 100,
                    "endOffset": 2100
                },
                "from": {
                    "file": "C:\\Users\\ASUS\\Desktop\\VirtualEyeDoc\\app\\build\\intermediates\\exploded-aar\\com.android.support\\appcompat-v7\\23.1.1\\res\\values-mn-rMN\\values-mn-rMN.xml",
                    "position": {
                        "startLine": 23,
                        "startColumn": 4,
                        "startOffset": 2182,
                        "endColumn": 100,
                        "endOffset": 2278
                    }
                }
            }
        ]
    },
    {
        "outputFile": "D:\\VirtualEyeDocFinal\\VirtualEyeDoc\\app\\build\\intermediates\\res\\merged\\debug\\values-mn-rMN\\values-mn-rMN.xml",
        "map": [
            {
                "to": {
                    "startLine": 2,
                    "startColumn": 4,
                    "startOffset": 55,
                    "endColumn": 112,
                    "endOffset": 163
                },
                "from": {
                    "file": "D:\\VirtualEyeDocFinal\\VirtualEyeDoc\\app\\build\\intermediates\\exploded-aar\\com.android.support\\appcompat-v7\\23.1.1\\res\\values-mn-rMN\\values-mn-rMN.xml",
                    "position": {
                        "startLine": 4,
                        "startColumn": 4,
                        "startOffset": 233,
                        "endColumn": 112,
                        "endOffset": 341
                    }
                }
            },
            {
                "to": {
                    "startLine": 3,
                    "startColumn": 4,
                    "startOffset": 168,
                    "endColumn": 107,
                    "endOffset": 271
                },
                "from": {
                    "file": "D:\\VirtualEyeDocFinal\\VirtualEyeDoc\\app\\build\\intermediates\\exploded-aar\\com.android.support\\appcompat-v7\\23.1.1\\res\\values-mn-rMN\\values-mn-rMN.xml",
                    "position": {
                        "startLine": 5,
                        "startColumn": 4,
                        "startOffset": 346,
                        "endColumn": 107,
                        "endOffset": 449
                    }
                }
            },
            {
                "to": {
                    "startLine": 4,
                    "startColumn": 4,
                    "startOffset": 276,
                    "endColumn": 122,
                    "endOffset": 394
                },
                "from": {
                    "file": "D:\\VirtualEyeDocFinal\\VirtualEyeDoc\\app\\build\\intermediates\\exploded-aar\\com.android.support\\appcompat-v7\\23.1.1\\res\\values-mn-rMN\\values-mn-rMN.xml",
                    "position": {
                        "startLine": 6,
                        "startColumn": 4,
                        "startOffset": 454,
                        "endColumn": 122,
                        "endOffset": 572
                    }
                }
            },
            {
                "to": {
                    "startLine": 5,
                    "startColumn": 4,
                    "startOffset": 399,
                    "endColumn": 99,
                    "endOffset": 494
                },
                "from": {
                    "file": "D:\\VirtualEyeDocFinal\\VirtualEyeDoc\\app\\build\\intermediates\\exploded-aar\\com.android.support\\appcompat-v7\\23.1.1\\res\\values-mn-rMN\\values-mn-rMN.xml",
                    "position": {
                        "startLine": 7,
                        "startColumn": 4,
                        "startOffset": 577,
                        "endColumn": 99,
                        "endOffset": 672
                    }
                }
            },
            {
                "to": {
                    "startLine": 6,
                    "startColumn": 4,
                    "startOffset": 499,
                    "endColumn": 112,
                    "endOffset": 607
                },
                "from": {
                    "file": "D:\\VirtualEyeDocFinal\\VirtualEyeDoc\\app\\build\\intermediates\\exploded-aar\\com.android.support\\appcompat-v7\\23.1.1\\res\\values-mn-rMN\\values-mn-rMN.xml",
                    "position": {
                        "startLine": 8,
                        "startColumn": 4,
                        "startOffset": 677,
                        "endColumn": 112,
                        "endOffset": 785
                    }
                }
            },
            {
                "to": {
                    "startLine": 7,
                    "startColumn": 4,
                    "startOffset": 612,
                    "endColumn": 86,
                    "endOffset": 694
                },
                "from": {
                    "file": "D:\\VirtualEyeDocFinal\\VirtualEyeDoc\\app\\build\\intermediates\\exploded-aar\\com.android.support\\appcompat-v7\\23.1.1\\res\\values-mn-rMN\\values-mn-rMN.xml",
                    "position": {
                        "startLine": 9,
                        "startColumn": 4,
                        "startOffset": 790,
                        "endColumn": 86,
                        "endOffset": 872
                    }
                }
            },
            {
                "to": {
                    "startLine": 8,
                    "startColumn": 4,
                    "startOffset": 699,
                    "endColumn": 105,
                    "endOffset": 800
                },
                "from": {
                    "file": "D:\\VirtualEyeDocFinal\\VirtualEyeDoc\\app\\build\\intermediates\\exploded-aar\\com.android.support\\appcompat-v7\\23.1.1\\res\\values-mn-rMN\\values-mn-rMN.xml",
                    "position": {
                        "startLine": 10,
                        "startColumn": 4,
                        "startOffset": 877,
                        "endColumn": 105,
                        "endOffset": 978
                    }
                }
            },
            {
                "to": {
                    "startLine": 9,
                    "startColumn": 4,
                    "startOffset": 805,
                    "endColumn": 111,
                    "endOffset": 912
                },
                "from": {
                    "file": "D:\\VirtualEyeDocFinal\\VirtualEyeDoc\\app\\build\\intermediates\\exploded-aar\\com.android.support\\appcompat-v7\\23.1.1\\res\\values-mn-rMN\\values-mn-rMN.xml",
                    "position": {
                        "startLine": 11,
                        "startColumn": 4,
                        "startOffset": 983,
                        "endColumn": 111,
                        "endOffset": 1090
                    }
                }
            },
            {
                "to": {
                    "startLine": 10,
                    "startColumn": 4,
                    "startOffset": 917,
                    "endColumn": 81,
                    "endOffset": 994
                },
                "from": {
                    "file": "D:\\VirtualEyeDocFinal\\VirtualEyeDoc\\app\\build\\intermediates\\exploded-aar\\com.android.support\\appcompat-v7\\23.1.1\\res\\values-mn-rMN\\values-mn-rMN.xml",
                    "position": {
                        "startLine": 12,
                        "startColumn": 4,
                        "startOffset": 1095,
                        "endColumn": 81,
                        "endOffset": 1172
                    }
                }
            },
            {
                "to": {
                    "startLine": 11,
                    "startColumn": 4,
                    "startOffset": 999,
                    "endColumn": 81,
                    "endOffset": 1076
                },
                "from": {
                    "file": "D:\\VirtualEyeDocFinal\\VirtualEyeDoc\\app\\build\\intermediates\\exploded-aar\\com.android.support\\appcompat-v7\\23.1.1\\res\\values-mn-rMN\\values-mn-rMN.xml",
                    "position": {
                        "startLine": 13,
                        "startColumn": 4,
                        "startOffset": 1177,
                        "endColumn": 81,
                        "endOffset": 1254
                    }
                }
            },
            {
                "to": {
                    "startLine": 12,
                    "startColumn": 4,
                    "startOffset": 1081,
                    "endColumn": 81,
                    "endOffset": 1158
                },
                "from": {
                    "file": "D:\\VirtualEyeDocFinal\\VirtualEyeDoc\\app\\build\\intermediates\\exploded-aar\\com.android.support\\appcompat-v7\\23.1.1\\res\\values-mn-rMN\\values-mn-rMN.xml",
                    "position": {
                        "startLine": 14,
                        "startColumn": 4,
                        "startOffset": 1259,
                        "endColumn": 81,
                        "endOffset": 1336
                    }
                }
            },
            {
                "to": {
                    "startLine": 13,
                    "startColumn": 4,
                    "startOffset": 1163,
                    "endColumn": 108,
                    "endOffset": 1267
                },
                "from": {
                    "file": "D:\\VirtualEyeDocFinal\\VirtualEyeDoc\\app\\build\\intermediates\\exploded-aar\\com.android.support\\appcompat-v7\\23.1.1\\res\\values-mn-rMN\\values-mn-rMN.xml",
                    "position": {
                        "startLine": 15,
                        "startColumn": 4,
                        "startOffset": 1341,
                        "endColumn": 108,
                        "endOffset": 1445
                    }
                }
            },
            {
                "to": {
                    "startLine": 14,
                    "startColumn": 4,
                    "startOffset": 1272,
                    "endColumn": 103,
                    "endOffset": 1371
                },
                "from": {
                    "file": "D:\\VirtualEyeDocFinal\\VirtualEyeDoc\\app\\build\\intermediates\\exploded-aar\\com.android.support\\appcompat-v7\\23.1.1\\res\\values-mn-rMN\\values-mn-rMN.xml",
                    "position": {
                        "startLine": 16,
                        "startColumn": 4,
                        "startOffset": 1450,
                        "endColumn": 103,
                        "endOffset": 1549
                    }
                }
            },
            {
                "to": {
                    "startLine": 15,
                    "startColumn": 4,
                    "startOffset": 1376,
                    "endColumn": 96,
                    "endOffset": 1468
                },
                "from": {
                    "file": "D:\\VirtualEyeDocFinal\\VirtualEyeDoc\\app\\build\\intermediates\\exploded-aar\\com.android.support\\appcompat-v7\\23.1.1\\res\\values-mn-rMN\\values-mn-rMN.xml",
                    "position": {
                        "startLine": 17,
                        "startColumn": 4,
                        "startOffset": 1554,
                        "endColumn": 96,
                        "endOffset": 1646
                    }
                }
            },
            {
                "to": {
                    "startLine": 16,
                    "startColumn": 4,
                    "startOffset": 1473,
                    "endColumn": 107,
                    "endOffset": 1576
                },
                "from": {
                    "file": "D:\\VirtualEyeDocFinal\\VirtualEyeDoc\\app\\build\\intermediates\\exploded-aar\\com.android.support\\appcompat-v7\\23.1.1\\res\\values-mn-rMN\\values-mn-rMN.xml",
                    "position": {
                        "startLine": 18,
                        "startColumn": 4,
                        "startOffset": 1651,
                        "endColumn": 107,
                        "endOffset": 1754
                    }
                }
            },
            {
                "to": {
                    "startLine": 17,
                    "startColumn": 4,
                    "startOffset": 1581,
                    "endColumn": 100,
                    "endOffset": 1677
                },
                "from": {
                    "file": "D:\\VirtualEyeDocFinal\\VirtualEyeDoc\\app\\build\\intermediates\\exploded-aar\\com.android.support\\appcompat-v7\\23.1.1\\res\\values-mn-rMN\\values-mn-rMN.xml",
                    "position": {
                        "startLine": 19,
                        "startColumn": 4,
                        "startOffset": 1759,
                        "endColumn": 100,
                        "endOffset": 1855
                    }
                }
            },
            {
                "to": {
                    "startLine": 18,
                    "startColumn": 4,
                    "startOffset": 1682,
                    "endColumn": 102,
                    "endOffset": 1780
                },
                "from": {
                    "file": "D:\\VirtualEyeDocFinal\\VirtualEyeDoc\\app\\build\\intermediates\\exploded-aar\\com.android.support\\appcompat-v7\\23.1.1\\res\\values-mn-rMN\\values-mn-rMN.xml",
                    "position": {
                        "startLine": 20,
                        "startColumn": 4,
                        "startOffset": 1860,
                        "endColumn": 102,
                        "endOffset": 1958
                    }
                }
            },
            {
                "to": {
                    "startLine": 19,
                    "startColumn": 4,
                    "startOffset": 1785,
                    "endColumn": 121,
                    "endOffset": 1902
                },
                "from": {
                    "file": "D:\\VirtualEyeDocFinal\\VirtualEyeDoc\\app\\build\\intermediates\\exploded-aar\\com.android.support\\appcompat-v7\\23.1.1\\res\\values-mn-rMN\\values-mn-rMN.xml",
                    "position": {
                        "startLine": 21,
                        "startColumn": 4,
                        "startOffset": 1963,
                        "endColumn": 121,
                        "endOffset": 2080
                    }
                }
            },
            {
                "to": {
                    "startLine": 20,
                    "startColumn": 4,
                    "startOffset": 1907,
                    "endColumn": 96,
                    "endOffset": 1999
                },
                "from": {
                    "file": "D:\\VirtualEyeDocFinal\\VirtualEyeDoc\\app\\build\\intermediates\\exploded-aar\\com.android.support\\appcompat-v7\\23.1.1\\res\\values-mn-rMN\\values-mn-rMN.xml",
                    "position": {
                        "startLine": 22,
                        "startColumn": 4,
                        "startOffset": 2085,
                        "endColumn": 96,
                        "endOffset": 2177
                    }
                }
            },
            {
                "to": {
                    "startLine": 21,
                    "startColumn": 4,
                    "startOffset": 2004,
                    "endColumn": 100,
                    "endOffset": 2100
                },
                "from": {
                    "file": "D:\\VirtualEyeDocFinal\\VirtualEyeDoc\\app\\build\\intermediates\\exploded-aar\\com.android.support\\appcompat-v7\\23.1.1\\res\\values-mn-rMN\\values-mn-rMN.xml",
                    "position": {
                        "startLine": 23,
                        "startColumn": 4,
                        "startOffset": 2182,
                        "endColumn": 100,
                        "endOffset": 2278
                    }
                }
            }
        ]
    }
]