[
    {
        "outputFile": "D:\\VirtualEyeDocFinal\\VirtualEyeDoc\\app\\build\\intermediates\\res\\merged\\debug\\values-v17\\values-v17.xml",
        "map": [
            {
                "to": {
                    "startLine": 2,
                    "startColumn": 4,
                    "startOffset": 55,
                    "endLine": 4,
                    "endColumn": 12,
                    "endOffset": 223
                },
                "from": {
                    "file": "D:\\VirtualEyeDocFinal\\VirtualEyeDoc\\app\\build\\intermediates\\exploded-aar\\com.android.support\\appcompat-v7\\23.1.1\\res\\values-v17\\values-v17.xml",
                    "position": {
                        "startLine": 4,
                        "startColumn": 4,
                        "startOffset": 233,
                        "endLine": 6,
                        "endColumn": 12,
                        "endOffset": 401
                    }
                }
            },
            {
                "to": {
                    "startLine": 5,
                    "startColumn": 4,
                    "startOffset": 228,
                    "endLine": 8,
                    "endColumn": 12,
                    "endOffset": 451
                },
                "from": {
                    "file": "D:\\VirtualEyeDocFinal\\VirtualEyeDoc\\app\\build\\intermediates\\exploded-aar\\com.android.support\\appcompat-v7\\23.1.1\\res\\values-v17\\values-v17.xml",
                    "position": {
                        "startLine": 7,
                        "startColumn": 4,
                        "startOffset": 406,
                        "endLine": 10,
                        "endColumn": 12,
                        "endOffset": 629
                    }
                }
            },
            {
                "to": {
                    "startLine": 9,
                    "startColumn": 4,
                    "startOffset": 456,
                    "endLine": 11,
                    "endColumn": 12,
                    "endOffset": 609
                },
                "from": {
                    "file": "D:\\VirtualEyeDocFinal\\VirtualEyeDoc\\app\\build\\intermediates\\exploded-aar\\com.android.support\\appcompat-v7\\23.1.1\\res\\values-v17\\values-v17.xml",
                    "position": {
                        "startLine": 11,
                        "startColumn": 4,
                        "startOffset": 634,
                        "endLine": 13,
                        "endColumn": 12,
                        "endOffset": 787
                    }
                }
            },
            {
                "to": {
                    "startLine": 12,
                    "startColumn": 4,
                    "startOffset": 614,
                    "endLine": 14,
                    "endColumn": 12,
                    "endOffset": 759
                },
                "from": {
                    "file": "D:\\VirtualEyeDocFinal\\VirtualEyeDoc\\app\\build\\intermediates\\exploded-aar\\com.android.support\\appcompat-v7\\23.1.1\\res\\values-v17\\values-v17.xml",
                    "position": {
                        "startLine": 14,
                        "startColumn": 4,
                        "startOffset": 792,
                        "endLine": 16,
                        "endColumn": 12,
                        "endOffset": 937
                    }
                }
            },
            {
                "to": {
                    "startLine": 15,
                    "startColumn": 4,
                    "startOffset": 764,
                    "endLine": 17,
                    "endColumn": 12,
                    "endOffset": 931
                },
                "from": {
                    "file": "D:\\VirtualEyeDocFinal\\VirtualEyeDoc\\app\\build\\intermediates\\exploded-aar\\com.android.support\\appcompat-v7\\23.1.1\\res\\values-v17\\values-v17.xml",
                    "position": {
                        "startLine": 17,
                        "startColumn": 4,
                        "startOffset": 942,
                        "endLine": 19,
                        "endColumn": 12,
                        "endOffset": 1109
                    }
                }
            },
            {
                "to": {
                    "startLine": 18,
                    "startColumn": 4,
                    "startOffset": 936,
                    "endLine": 21,
                    "endColumn": 12,
                    "endOffset": 1159
                },
                "from": {
                    "file": "D:\\VirtualEyeDocFinal\\VirtualEyeDoc\\app\\build\\intermediates\\exploded-aar\\com.android.support\\appcompat-v7\\23.1.1\\res\\values-v17\\values-v17.xml",
                    "position": {
                        "startLine": 20,
                        "startColumn": 4,
                        "startOffset": 1114,
                        "endLine": 23,
                        "endColumn": 12,
                        "endOffset": 1337
                    }
                }
            },
            {
                "to": {
                    "startLine": 22,
                    "startColumn": 4,
                    "startOffset": 1164,
                    "endLine": 25,
                    "endColumn": 12,
                    "endOffset": 1401
                },
                "from": {
                    "file": "D:\\VirtualEyeDocFinal\\VirtualEyeDoc\\app\\build\\intermediates\\exploded-aar\\com.android.support\\appcompat-v7\\23.1.1\\res\\values-v17\\values-v17.xml",
                    "position": {
                        "startLine": 24,
                        "startColumn": 4,
                        "startOffset": 1342,
                        "endLine": 27,
                        "endColumn": 12,
                        "endOffset": 1579
                    }
                }
            },
            {
                "to": {
                    "startLine": 26,
                    "startColumn": 4,
                    "startOffset": 1406,
                    "endLine": 28,
                    "endColumn": 12,
                    "endOffset": 1572
                },
                "from": {
                    "file": "D:\\VirtualEyeDocFinal\\VirtualEyeDoc\\app\\build\\intermediates\\exploded-aar\\com.android.support\\appcompat-v7\\23.1.1\\res\\values-v17\\values-v17.xml",
                    "position": {
                        "startLine": 28,
                        "startColumn": 4,
                        "startOffset": 1584,
                        "endLine": 30,
                        "endColumn": 12,
                        "endOffset": 1750
                    }
                }
            },
            {
                "to": {
                    "startLine": 29,
                    "startColumn": 4,
                    "startOffset": 1577,
                    "endLine": 31,
                    "endColumn": 12,
                    "endOffset": 1746
                },
                "from": {
                    "file": "D:\\VirtualEyeDocFinal\\VirtualEyeDoc\\app\\build\\intermediates\\exploded-aar\\com.android.support\\appcompat-v7\\23.1.1\\res\\values-v17\\values-v17.xml",
                    "position": {
                        "startLine": 31,
                        "startColumn": 4,
                        "startOffset": 1755,
                        "endLine": 33,
                        "endColumn": 12,
                        "endOffset": 1924
                    }
                }
            },
            {
                "to": {
                    "startLine": 32,
                    "startColumn": 4,
                    "startOffset": 1751,
                    "endLine": 34,
                    "endColumn": 12,
                    "endOffset": 1915
                },
                "from": {
                    "file": "D:\\VirtualEyeDocFinal\\VirtualEyeDoc\\app\\build\\intermediates\\exploded-aar\\com.android.support\\appcompat-v7\\23.1.1\\res\\values-v17\\values-v17.xml",
                    "position": {
                        "startLine": 34,
                        "startColumn": 4,
                        "startOffset": 1929,
                        "endLine": 36,
                        "endColumn": 12,
                        "endOffset": 2093
                    }
                }
            },
            {
                "to": {
                    "startLine": 35,
                    "startColumn": 4,
                    "startOffset": 1920,
                    "endLine": 38,
                    "endColumn": 12,
                    "endOffset": 2188
                },
                "from": {
                    "file": "D:\\VirtualEyeDocFinal\\VirtualEyeDoc\\app\\build\\intermediates\\exploded-aar\\com.android.support\\appcompat-v7\\23.1.1\\res\\values-v17\\values-v17.xml",
                    "position": {
                        "startLine": 37,
                        "startColumn": 4,
                        "startOffset": 2098,
                        "endLine": 40,
                        "endColumn": 12,
                        "endOffset": 2366
                    }
                }
            },
            {
                "to": {
                    "startLine": 39,
                    "startColumn": 4,
                    "startOffset": 2193,
                    "endLine": 41,
                    "endColumn": 12,
                    "endOffset": 2388
                },
                "from": {
                    "file": "D:\\VirtualEyeDocFinal\\VirtualEyeDoc\\app\\build\\intermediates\\exploded-aar\\com.android.support\\appcompat-v7\\23.1.1\\res\\values-v17\\values-v17.xml",
                    "position": {
                        "startLine": 41,
                        "startColumn": 4,
                        "startOffset": 2371,
                        "endLine": 43,
                        "endColumn": 12,
                        "endOffset": 2566
                    }
                }
            },
            {
                "to": {
                    "startLine": 42,
                    "startColumn": 4,
                    "startOffset": 2393,
                    "endLine": 45,
                    "endColumn": 12,
                    "endOffset": 2592
                },
                "from": {
                    "file": "D:\\VirtualEyeDocFinal\\VirtualEyeDoc\\app\\build\\intermediates\\exploded-aar\\com.android.support\\appcompat-v7\\23.1.1\\res\\values-v17\\values-v17.xml",
                    "position": {
                        "startLine": 44,
                        "startColumn": 4,
                        "startOffset": 2571,
                        "endLine": 47,
                        "endColumn": 12,
                        "endOffset": 2770
                    }
                }
            },
            {
                "to": {
                    "startLine": 46,
                    "startColumn": 4,
                    "startOffset": 2597,
                    "endLine": 49,
                    "endColumn": 12,
                    "endOffset": 2921
                },
                "from": {
                    "file": "D:\\VirtualEyeDocFinal\\VirtualEyeDoc\\app\\build\\intermediates\\exploded-aar\\com.android.support\\appcompat-v7\\23.1.1\\res\\values-v17\\values-v17.xml",
                    "position": {
                        "startLine": 48,
                        "startColumn": 4,
                        "startOffset": 2775,
                        "endLine": 51,
                        "endColumn": 12,
                        "endOffset": 3099
                    }
                }
            }
        ]
    },
    {
        "outputFile": "C:\\Users\\Shaborni\\AndroidStudioProjects\\VirtualEyeDoc\\app\\build\\intermediates\\res\\merged\\debug\\values-v17\\values-v17.xml",
        "map": [
            {
                "to": {
                    "startLine": 2,
                    "startColumn": 4,
                    "startOffset": 55,
                    "endLine": 4,
                    "endColumn": 12,
                    "endOffset": 223
                },
                "from": {
                    "file": "C:\\Users\\Shaborni\\AndroidStudioProjects\\VirtualEyeDoc\\app\\build\\intermediates\\exploded-aar\\com.android.support\\appcompat-v7\\23.1.1\\res\\values-v17\\values-v17.xml",
                    "position": {
                        "startLine": 4,
                        "startColumn": 4,
                        "startOffset": 233,
                        "endLine": 6,
                        "endColumn": 12,
                        "endOffset": 401
                    }
                }
            },
            {
                "to": {
                    "startLine": 5,
                    "startColumn": 4,
                    "startOffset": 228,
                    "endLine": 8,
                    "endColumn": 12,
                    "endOffset": 451
                },
                "from": {
                    "file": "C:\\Users\\Shaborni\\AndroidStudioProjects\\VirtualEyeDoc\\app\\build\\intermediates\\exploded-aar\\com.android.support\\appcompat-v7\\23.1.1\\res\\values-v17\\values-v17.xml",
                    "position": {
                        "startLine": 7,
                        "startColumn": 4,
                        "startOffset": 406,
                        "endLine": 10,
                        "endColumn": 12,
                        "endOffset": 629
                    }
                }
            },
            {
                "to": {
                    "startLine": 9,
                    "startColumn": 4,
                    "startOffset": 456,
                    "endLine": 11,
                    "endColumn": 12,
                    "endOffset": 609
                },
                "from": {
                    "file": "C:\\Users\\Shaborni\\AndroidStudioProjects\\VirtualEyeDoc\\app\\build\\intermediates\\exploded-aar\\com.android.support\\appcompat-v7\\23.1.1\\res\\values-v17\\values-v17.xml",
                    "position": {
                        "startLine": 11,
                        "startColumn": 4,
                        "startOffset": 634,
                        "endLine": 13,
                        "endColumn": 12,
                        "endOffset": 787
                    }
                }
            },
            {
                "to": {
                    "startLine": 12,
                    "startColumn": 4,
                    "startOffset": 614,
                    "endLine": 14,
                    "endColumn": 12,
                    "endOffset": 759
                },
                "from": {
                    "file": "C:\\Users\\Shaborni\\AndroidStudioProjects\\VirtualEyeDoc\\app\\build\\intermediates\\exploded-aar\\com.android.support\\appcompat-v7\\23.1.1\\res\\values-v17\\values-v17.xml",
                    "position": {
                        "startLine": 14,
                        "startColumn": 4,
                        "startOffset": 792,
                        "endLine": 16,
                        "endColumn": 12,
                        "endOffset": 937
                    }
                }
            },
            {
                "to": {
                    "startLine": 15,
                    "startColumn": 4,
                    "startOffset": 764,
                    "endLine": 17,
                    "endColumn": 12,
                    "endOffset": 931
                },
                "from": {
                    "file": "C:\\Users\\Shaborni\\AndroidStudioProjects\\VirtualEyeDoc\\app\\build\\intermediates\\exploded-aar\\com.android.support\\appcompat-v7\\23.1.1\\res\\values-v17\\values-v17.xml",
                    "position": {
                        "startLine": 17,
                        "startColumn": 4,
                        "startOffset": 942,
                        "endLine": 19,
                        "endColumn": 12,
                        "endOffset": 1109
                    }
                }
            },
            {
                "to": {
                    "startLine": 18,
                    "startColumn": 4,
                    "startOffset": 936,
                    "endLine": 21,
                    "endColumn": 12,
                    "endOffset": 1159
                },
                "from": {
                    "file": "C:\\Users\\Shaborni\\AndroidStudioProjects\\VirtualEyeDoc\\app\\build\\intermediates\\exploded-aar\\com.android.support\\appcompat-v7\\23.1.1\\res\\values-v17\\values-v17.xml",
                    "position": {
                        "startLine": 20,
                        "startColumn": 4,
                        "startOffset": 1114,
                        "endLine": 23,
                        "endColumn": 12,
                        "endOffset": 1337
                    }
                }
            },
            {
                "to": {
                    "startLine": 22,
                    "startColumn": 4,
                    "startOffset": 1164,
                    "endLine": 25,
                    "endColumn": 12,
                    "endOffset": 1401
                },
                "from": {
                    "file": "C:\\Users\\Shaborni\\AndroidStudioProjects\\VirtualEyeDoc\\app\\build\\intermediates\\exploded-aar\\com.android.support\\appcompat-v7\\23.1.1\\res\\values-v17\\values-v17.xml",
                    "position": {
                        "startLine": 24,
                        "startColumn": 4,
                        "startOffset": 1342,
                        "endLine": 27,
                        "endColumn": 12,
                        "endOffset": 1579
                    }
                }
            },
            {
                "to": {
                    "startLine": 26,
                    "startColumn": 4,
                    "startOffset": 1406,
                    "endLine": 28,
                    "endColumn": 12,
                    "endOffset": 1572
                },
                "from": {
                    "file": "C:\\Users\\Shaborni\\AndroidStudioProjects\\VirtualEyeDoc\\app\\build\\intermediates\\exploded-aar\\com.android.support\\appcompat-v7\\23.1.1\\res\\values-v17\\values-v17.xml",
                    "position": {
                        "startLine": 28,
                        "startColumn": 4,
                        "startOffset": 1584,
                        "endLine": 30,
                        "endColumn": 12,
                        "endOffset": 1750
                    }
                }
            },
            {
                "to": {
                    "startLine": 29,
                    "startColumn": 4,
                    "startOffset": 1577,
                    "endLine": 31,
                    "endColumn": 12,
                    "endOffset": 1746
                },
                "from": {
                    "file": "C:\\Users\\Shaborni\\AndroidStudioProjects\\VirtualEyeDoc\\app\\build\\intermediates\\exploded-aar\\com.android.support\\appcompat-v7\\23.1.1\\res\\values-v17\\values-v17.xml",
                    "position": {
                        "startLine": 31,
                        "startColumn": 4,
                        "startOffset": 1755,
                        "endLine": 33,
                        "endColumn": 12,
                        "endOffset": 1924
                    }
                }
            },
            {
                "to": {
                    "startLine": 32,
                    "startColumn": 4,
                    "startOffset": 1751,
                    "endLine": 34,
                    "endColumn": 12,
                    "endOffset": 1915
                },
                "from": {
                    "file": "C:\\Users\\Shaborni\\AndroidStudioProjects\\VirtualEyeDoc\\app\\build\\intermediates\\exploded-aar\\com.android.support\\appcompat-v7\\23.1.1\\res\\values-v17\\values-v17.xml",
                    "position": {
                        "startLine": 34,
                        "startColumn": 4,
                        "startOffset": 1929,
                        "endLine": 36,
                        "endColumn": 12,
                        "endOffset": 2093
                    }
                }
            },
            {
                "to": {
                    "startLine": 35,
                    "startColumn": 4,
                    "startOffset": 1920,
                    "endLine": 38,
                    "endColumn": 12,
                    "endOffset": 2188
                },
                "from": {
                    "file": "C:\\Users\\Shaborni\\AndroidStudioProjects\\VirtualEyeDoc\\app\\build\\intermediates\\exploded-aar\\com.android.support\\appcompat-v7\\23.1.1\\res\\values-v17\\values-v17.xml",
                    "position": {
                        "startLine": 37,
                        "startColumn": 4,
                        "startOffset": 2098,
                        "endLine": 40,
                        "endColumn": 12,
                        "endOffset": 2366
                    }
                }
            },
            {
                "to": {
                    "startLine": 39,
                    "startColumn": 4,
                    "startOffset": 2193,
                    "endLine": 41,
                    "endColumn": 12,
                    "endOffset": 2388
                },
                "from": {
                    "file": "C:\\Users\\Shaborni\\AndroidStudioProjects\\VirtualEyeDoc\\app\\build\\intermediates\\exploded-aar\\com.android.support\\appcompat-v7\\23.1.1\\res\\values-v17\\values-v17.xml",
                    "position": {
                        "startLine": 41,
                        "startColumn": 4,
                        "startOffset": 2371,
                        "endLine": 43,
                        "endColumn": 12,
                        "endOffset": 2566
                    }
                }
            },
            {
                "to": {
                    "startLine": 42,
                    "startColumn": 4,
                    "startOffset": 2393,
                    "endLine": 45,
                    "endColumn": 12,
                    "endOffset": 2592
                },
                "from": {
                    "file": "C:\\Users\\Shaborni\\AndroidStudioProjects\\VirtualEyeDoc\\app\\build\\intermediates\\exploded-aar\\com.android.support\\appcompat-v7\\23.1.1\\res\\values-v17\\values-v17.xml",
                    "position": {
                        "startLine": 44,
                        "startColumn": 4,
                        "startOffset": 2571,
                        "endLine": 47,
                        "endColumn": 12,
                        "endOffset": 2770
                    }
                }
            },
            {
                "to": {
                    "startLine": 46,
                    "startColumn": 4,
                    "startOffset": 2597,
                    "endLine": 49,
                    "endColumn": 12,
                    "endOffset": 2921
                },
                "from": {
                    "file": "C:\\Users\\Shaborni\\AndroidStudioProjects\\VirtualEyeDoc\\app\\build\\intermediates\\exploded-aar\\com.android.support\\appcompat-v7\\23.1.1\\res\\values-v17\\values-v17.xml",
                    "position": {
                        "startLine": 48,
                        "startColumn": 4,
                        "startOffset": 2775,
                        "endLine": 51,
                        "endColumn": 12,
                        "endOffset": 3099
                    }
                }
            }
        ]
    },
    {
        "outputFile": "C:\\Users\\ASUS\\Desktop\\VirtualEyeDoc\\app\\build\\intermediates\\res\\merged\\debug\\values-v17\\values-v17.xml",
        "map": [
            {
                "to": {
                    "startLine": 2,
                    "startColumn": 4,
                    "startOffset": 55,
                    "endLine": 4,
                    "endColumn": 12,
                    "endOffset": 223
                },
                "from": {
                    "file": "C:\\Users\\ASUS\\Desktop\\VirtualEyeDoc\\app\\build\\intermediates\\exploded-aar\\com.android.support\\appcompat-v7\\23.1.1\\res\\values-v17\\values-v17.xml",
                    "position": {
                        "startLine": 4,
                        "startColumn": 4,
                        "startOffset": 233,
                        "endLine": 6,
                        "endColumn": 12,
                        "endOffset": 401
                    }
                }
            },
            {
                "to": {
                    "startLine": 5,
                    "startColumn": 4,
                    "startOffset": 228,
                    "endLine": 8,
                    "endColumn": 12,
                    "endOffset": 451
                },
                "from": {
                    "file": "C:\\Users\\ASUS\\Desktop\\VirtualEyeDoc\\app\\build\\intermediates\\exploded-aar\\com.android.support\\appcompat-v7\\23.1.1\\res\\values-v17\\values-v17.xml",
                    "position": {
                        "startLine": 7,
                        "startColumn": 4,
                        "startOffset": 406,
                        "endLine": 10,
                        "endColumn": 12,
                        "endOffset": 629
                    }
                }
            },
            {
                "to": {
                    "startLine": 9,
                    "startColumn": 4,
                    "startOffset": 456,
                    "endLine": 11,
                    "endColumn": 12,
                    "endOffset": 609
                },
                "from": {
                    "file": "C:\\Users\\ASUS\\Desktop\\VirtualEyeDoc\\app\\build\\intermediates\\exploded-aar\\com.android.support\\appcompat-v7\\23.1.1\\res\\values-v17\\values-v17.xml",
                    "position": {
                        "startLine": 11,
                        "startColumn": 4,
                        "startOffset": 634,
                        "endLine": 13,
                        "endColumn": 12,
                        "endOffset": 787
                    }
                }
            },
            {
                "to": {
                    "startLine": 12,
                    "startColumn": 4,
                    "startOffset": 614,
                    "endLine": 14,
                    "endColumn": 12,
                    "endOffset": 759
                },
                "from": {
                    "file": "C:\\Users\\ASUS\\Desktop\\VirtualEyeDoc\\app\\build\\intermediates\\exploded-aar\\com.android.support\\appcompat-v7\\23.1.1\\res\\values-v17\\values-v17.xml",
                    "position": {
                        "startLine": 14,
                        "startColumn": 4,
                        "startOffset": 792,
                        "endLine": 16,
                        "endColumn": 12,
                        "endOffset": 937
                    }
                }
            },
            {
                "to": {
                    "startLine": 15,
                    "startColumn": 4,
                    "startOffset": 764,
                    "endLine": 17,
                    "endColumn": 12,
                    "endOffset": 931
                },
                "from": {
                    "file": "C:\\Users\\ASUS\\Desktop\\VirtualEyeDoc\\app\\build\\intermediates\\exploded-aar\\com.android.support\\appcompat-v7\\23.1.1\\res\\values-v17\\values-v17.xml",
                    "position": {
                        "startLine": 17,
                        "startColumn": 4,
                        "startOffset": 942,
                        "endLine": 19,
                        "endColumn": 12,
                        "endOffset": 1109
                    }
                }
            },
            {
                "to": {
                    "startLine": 18,
                    "startColumn": 4,
                    "startOffset": 936,
                    "endLine": 21,
                    "endColumn": 12,
                    "endOffset": 1159
                },
                "from": {
                    "file": "C:\\Users\\ASUS\\Desktop\\VirtualEyeDoc\\app\\build\\intermediates\\exploded-aar\\com.android.support\\appcompat-v7\\23.1.1\\res\\values-v17\\values-v17.xml",
                    "position": {
                        "startLine": 20,
                        "startColumn": 4,
                        "startOffset": 1114,
                        "endLine": 23,
                        "endColumn": 12,
                        "endOffset": 1337
                    }
                }
            },
            {
                "to": {
                    "startLine": 22,
                    "startColumn": 4,
                    "startOffset": 1164,
                    "endLine": 25,
                    "endColumn": 12,
                    "endOffset": 1401
                },
                "from": {
                    "file": "C:\\Users\\ASUS\\Desktop\\VirtualEyeDoc\\app\\build\\intermediates\\exploded-aar\\com.android.support\\appcompat-v7\\23.1.1\\res\\values-v17\\values-v17.xml",
                    "position": {
                        "startLine": 24,
                        "startColumn": 4,
                        "startOffset": 1342,
                        "endLine": 27,
                        "endColumn": 12,
                        "endOffset": 1579
                    }
                }
            },
            {
                "to": {
                    "startLine": 26,
                    "startColumn": 4,
                    "startOffset": 1406,
                    "endLine": 28,
                    "endColumn": 12,
                    "endOffset": 1572
                },
                "from": {
                    "file": "C:\\Users\\ASUS\\Desktop\\VirtualEyeDoc\\app\\build\\intermediates\\exploded-aar\\com.android.support\\appcompat-v7\\23.1.1\\res\\values-v17\\values-v17.xml",
                    "position": {
                        "startLine": 28,
                        "startColumn": 4,
                        "startOffset": 1584,
                        "endLine": 30,
                        "endColumn": 12,
                        "endOffset": 1750
                    }
                }
            },
            {
                "to": {
                    "startLine": 29,
                    "startColumn": 4,
                    "startOffset": 1577,
                    "endLine": 31,
                    "endColumn": 12,
                    "endOffset": 1746
                },
                "from": {
                    "file": "C:\\Users\\ASUS\\Desktop\\VirtualEyeDoc\\app\\build\\intermediates\\exploded-aar\\com.android.support\\appcompat-v7\\23.1.1\\res\\values-v17\\values-v17.xml",
                    "position": {
                        "startLine": 31,
                        "startColumn": 4,
                        "startOffset": 1755,
                        "endLine": 33,
                        "endColumn": 12,
                        "endOffset": 1924
                    }
                }
            },
            {
                "to": {
                    "startLine": 32,
                    "startColumn": 4,
                    "startOffset": 1751,
                    "endLine": 34,
                    "endColumn": 12,
                    "endOffset": 1915
                },
                "from": {
                    "file": "C:\\Users\\ASUS\\Desktop\\VirtualEyeDoc\\app\\build\\intermediates\\exploded-aar\\com.android.support\\appcompat-v7\\23.1.1\\res\\values-v17\\values-v17.xml",
                    "position": {
                        "startLine": 34,
                        "startColumn": 4,
                        "startOffset": 1929,
                        "endLine": 36,
                        "endColumn": 12,
                        "endOffset": 2093
                    }
                }
            },
            {
                "to": {
                    "startLine": 35,
                    "startColumn": 4,
                    "startOffset": 1920,
                    "endLine": 38,
                    "endColumn": 12,
                    "endOffset": 2188
                },
                "from": {
                    "file": "C:\\Users\\ASUS\\Desktop\\VirtualEyeDoc\\app\\build\\intermediates\\exploded-aar\\com.android.support\\appcompat-v7\\23.1.1\\res\\values-v17\\values-v17.xml",
                    "position": {
                        "startLine": 37,
                        "startColumn": 4,
                        "startOffset": 2098,
                        "endLine": 40,
                        "endColumn": 12,
                        "endOffset": 2366
                    }
                }
            },
            {
                "to": {
                    "startLine": 39,
                    "startColumn": 4,
                    "startOffset": 2193,
                    "endLine": 41,
                    "endColumn": 12,
                    "endOffset": 2388
                },
                "from": {
                    "file": "C:\\Users\\ASUS\\Desktop\\VirtualEyeDoc\\app\\build\\intermediates\\exploded-aar\\com.android.support\\appcompat-v7\\23.1.1\\res\\values-v17\\values-v17.xml",
                    "position": {
                        "startLine": 41,
                        "startColumn": 4,
                        "startOffset": 2371,
                        "endLine": 43,
                        "endColumn": 12,
                        "endOffset": 2566
                    }
                }
            },
            {
                "to": {
                    "startLine": 42,
                    "startColumn": 4,
                    "startOffset": 2393,
                    "endLine": 45,
                    "endColumn": 12,
                    "endOffset": 2592
                },
                "from": {
                    "file": "C:\\Users\\ASUS\\Desktop\\VirtualEyeDoc\\app\\build\\intermediates\\exploded-aar\\com.android.support\\appcompat-v7\\23.1.1\\res\\values-v17\\values-v17.xml",
                    "position": {
                        "startLine": 44,
                        "startColumn": 4,
                        "startOffset": 2571,
                        "endLine": 47,
                        "endColumn": 12,
                        "endOffset": 2770
                    }
                }
            },
            {
                "to": {
                    "startLine": 46,
                    "startColumn": 4,
                    "startOffset": 2597,
                    "endLine": 49,
                    "endColumn": 12,
                    "endOffset": 2921
                },
                "from": {
                    "file": "C:\\Users\\ASUS\\Desktop\\VirtualEyeDoc\\app\\build\\intermediates\\exploded-aar\\com.android.support\\appcompat-v7\\23.1.1\\res\\values-v17\\values-v17.xml",
                    "position": {
                        "startLine": 48,
                        "startColumn": 4,
                        "startOffset": 2775,
                        "endLine": 51,
                        "endColumn": 12,
                        "endOffset": 3099
                    }
                }
            }
        ]
    },
    {
        "outputFile": "D:\\VirtualEyeDoc\\app\\build\\intermediates\\res\\merged\\debug\\values-v17\\values-v17.xml",
        "map": [
            {
                "to": {
                    "startLine": 2,
                    "startColumn": 4,
                    "startOffset": 55,
                    "endLine": 4,
                    "endColumn": 12,
                    "endOffset": 223
                },
                "from": {
                    "file": "D:\\VirtualEyeDoc\\app\\build\\intermediates\\exploded-aar\\com.android.support\\appcompat-v7\\23.1.1\\res\\values-v17\\values-v17.xml",
                    "position": {
                        "startLine": 4,
                        "startColumn": 4,
                        "startOffset": 233,
                        "endLine": 6,
                        "endColumn": 12,
                        "endOffset": 401
                    }
                }
            },
            {
                "to": {
                    "startLine": 5,
                    "startColumn": 4,
                    "startOffset": 228,
                    "endLine": 8,
                    "endColumn": 12,
                    "endOffset": 451
                },
                "from": {
                    "file": "D:\\VirtualEyeDoc\\app\\build\\intermediates\\exploded-aar\\com.android.support\\appcompat-v7\\23.1.1\\res\\values-v17\\values-v17.xml",
                    "position": {
                        "startLine": 7,
                        "startColumn": 4,
                        "startOffset": 406,
                        "endLine": 10,
                        "endColumn": 12,
                        "endOffset": 629
                    }
                }
            },
            {
                "to": {
                    "startLine": 9,
                    "startColumn": 4,
                    "startOffset": 456,
                    "endLine": 11,
                    "endColumn": 12,
                    "endOffset": 609
                },
                "from": {
                    "file": "D:\\VirtualEyeDoc\\app\\build\\intermediates\\exploded-aar\\com.android.support\\appcompat-v7\\23.1.1\\res\\values-v17\\values-v17.xml",
                    "position": {
                        "startLine": 11,
                        "startColumn": 4,
                        "startOffset": 634,
                        "endLine": 13,
                        "endColumn": 12,
                        "endOffset": 787
                    }
                }
            },
            {
                "to": {
                    "startLine": 12,
                    "startColumn": 4,
                    "startOffset": 614,
                    "endLine": 14,
                    "endColumn": 12,
                    "endOffset": 759
                },
                "from": {
                    "file": "D:\\VirtualEyeDoc\\app\\build\\intermediates\\exploded-aar\\com.android.support\\appcompat-v7\\23.1.1\\res\\values-v17\\values-v17.xml",
                    "position": {
                        "startLine": 14,
                        "startColumn": 4,
                        "startOffset": 792,
                        "endLine": 16,
                        "endColumn": 12,
                        "endOffset": 937
                    }
                }
            },
            {
                "to": {
                    "startLine": 15,
                    "startColumn": 4,
                    "startOffset": 764,
                    "endLine": 17,
                    "endColumn": 12,
                    "endOffset": 931
                },
                "from": {
                    "file": "D:\\VirtualEyeDoc\\app\\build\\intermediates\\exploded-aar\\com.android.support\\appcompat-v7\\23.1.1\\res\\values-v17\\values-v17.xml",
                    "position": {
                        "startLine": 17,
                        "startColumn": 4,
                        "startOffset": 942,
                        "endLine": 19,
                        "endColumn": 12,
                        "endOffset": 1109
                    }
                }
            },
            {
                "to": {
                    "startLine": 18,
                    "startColumn": 4,
                    "startOffset": 936,
                    "endLine": 21,
                    "endColumn": 12,
                    "endOffset": 1159
                },
                "from": {
                    "file": "D:\\VirtualEyeDoc\\app\\build\\intermediates\\exploded-aar\\com.android.support\\appcompat-v7\\23.1.1\\res\\values-v17\\values-v17.xml",
                    "position": {
                        "startLine": 20,
                        "startColumn": 4,
                        "startOffset": 1114,
                        "endLine": 23,
                        "endColumn": 12,
                        "endOffset": 1337
                    }
                }
            },
            {
                "to": {
                    "startLine": 22,
                    "startColumn": 4,
                    "startOffset": 1164,
                    "endLine": 25,
                    "endColumn": 12,
                    "endOffset": 1401
                },
                "from": {
                    "file": "D:\\VirtualEyeDoc\\app\\build\\intermediates\\exploded-aar\\com.android.support\\appcompat-v7\\23.1.1\\res\\values-v17\\values-v17.xml",
                    "position": {
                        "startLine": 24,
                        "startColumn": 4,
                        "startOffset": 1342,
                        "endLine": 27,
                        "endColumn": 12,
                        "endOffset": 1579
                    }
                }
            },
            {
                "to": {
                    "startLine": 26,
                    "startColumn": 4,
                    "startOffset": 1406,
                    "endLine": 28,
                    "endColumn": 12,
                    "endOffset": 1572
                },
                "from": {
                    "file": "D:\\VirtualEyeDoc\\app\\build\\intermediates\\exploded-aar\\com.android.support\\appcompat-v7\\23.1.1\\res\\values-v17\\values-v17.xml",
                    "position": {
                        "startLine": 28,
                        "startColumn": 4,
                        "startOffset": 1584,
                        "endLine": 30,
                        "endColumn": 12,
                        "endOffset": 1750
                    }
                }
            },
            {
                "to": {
                    "startLine": 29,
                    "startColumn": 4,
                    "startOffset": 1577,
                    "endLine": 31,
                    "endColumn": 12,
                    "endOffset": 1746
                },
                "from": {
                    "file": "D:\\VirtualEyeDoc\\app\\build\\intermediates\\exploded-aar\\com.android.support\\appcompat-v7\\23.1.1\\res\\values-v17\\values-v17.xml",
                    "position": {
                        "startLine": 31,
                        "startColumn": 4,
                        "startOffset": 1755,
                        "endLine": 33,
                        "endColumn": 12,
                        "endOffset": 1924
                    }
                }
            },
            {
                "to": {
                    "startLine": 32,
                    "startColumn": 4,
                    "startOffset": 1751,
                    "endLine": 34,
                    "endColumn": 12,
                    "endOffset": 1915
                },
                "from": {
                    "file": "D:\\VirtualEyeDoc\\app\\build\\intermediates\\exploded-aar\\com.android.support\\appcompat-v7\\23.1.1\\res\\values-v17\\values-v17.xml",
                    "position": {
                        "startLine": 34,
                        "startColumn": 4,
                        "startOffset": 1929,
                        "endLine": 36,
                        "endColumn": 12,
                        "endOffset": 2093
                    }
                }
            },
            {
                "to": {
                    "startLine": 35,
                    "startColumn": 4,
                    "startOffset": 1920,
                    "endLine": 38,
                    "endColumn": 12,
                    "endOffset": 2188
                },
                "from": {
                    "file": "D:\\VirtualEyeDoc\\app\\build\\intermediates\\exploded-aar\\com.android.support\\appcompat-v7\\23.1.1\\res\\values-v17\\values-v17.xml",
                    "position": {
                        "startLine": 37,
                        "startColumn": 4,
                        "startOffset": 2098,
                        "endLine": 40,
                        "endColumn": 12,
                        "endOffset": 2366
                    }
                }
            },
            {
                "to": {
                    "startLine": 39,
                    "startColumn": 4,
                    "startOffset": 2193,
                    "endLine": 41,
                    "endColumn": 12,
                    "endOffset": 2388
                },
                "from": {
                    "file": "D:\\VirtualEyeDoc\\app\\build\\intermediates\\exploded-aar\\com.android.support\\appcompat-v7\\23.1.1\\res\\values-v17\\values-v17.xml",
                    "position": {
                        "startLine": 41,
                        "startColumn": 4,
                        "startOffset": 2371,
                        "endLine": 43,
                        "endColumn": 12,
                        "endOffset": 2566
                    }
                }
            },
            {
                "to": {
                    "startLine": 42,
                    "startColumn": 4,
                    "startOffset": 2393,
                    "endLine": 45,
                    "endColumn": 12,
                    "endOffset": 2592
                },
                "from": {
                    "file": "D:\\VirtualEyeDoc\\app\\build\\intermediates\\exploded-aar\\com.android.support\\appcompat-v7\\23.1.1\\res\\values-v17\\values-v17.xml",
                    "position": {
                        "startLine": 44,
                        "startColumn": 4,
                        "startOffset": 2571,
                        "endLine": 47,
                        "endColumn": 12,
                        "endOffset": 2770
                    }
                }
            },
            {
                "to": {
                    "startLine": 46,
                    "startColumn": 4,
                    "startOffset": 2597,
                    "endLine": 49,
                    "endColumn": 12,
                    "endOffset": 2921
                },
                "from": {
                    "file": "D:\\VirtualEyeDoc\\app\\build\\intermediates\\exploded-aar\\com.android.support\\appcompat-v7\\23.1.1\\res\\values-v17\\values-v17.xml",
                    "position": {
                        "startLine": 48,
                        "startColumn": 4,
                        "startOffset": 2775,
                        "endLine": 51,
                        "endColumn": 12,
                        "endOffset": 3099
                    }
                }
            }
        ]
    },
    {
        "outputFile": "D:\\projects\\VirtualEyeDoc\\app\\build\\intermediates\\res\\merged\\debug\\values-v17\\values-v17.xml",
        "map": [
            {
                "to": {
                    "startLine": 2,
                    "startColumn": 4,
                    "startOffset": 55,
                    "endLine": 4,
                    "endColumn": 12,
                    "endOffset": 223
                },
                "from": {
                    "file": "D:\\projects\\VirtualEyeDoc\\app\\build\\intermediates\\exploded-aar\\com.android.support\\appcompat-v7\\23.1.1\\res\\values-v17\\values-v17.xml",
                    "position": {
                        "startLine": 4,
                        "startColumn": 4,
                        "startOffset": 233,
                        "endLine": 6,
                        "endColumn": 12,
                        "endOffset": 401
                    }
                }
            },
            {
                "to": {
                    "startLine": 5,
                    "startColumn": 4,
                    "startOffset": 228,
                    "endLine": 8,
                    "endColumn": 12,
                    "endOffset": 451
                },
                "from": {
                    "file": "D:\\projects\\VirtualEyeDoc\\app\\build\\intermediates\\exploded-aar\\com.android.support\\appcompat-v7\\23.1.1\\res\\values-v17\\values-v17.xml",
                    "position": {
                        "startLine": 7,
                        "startColumn": 4,
                        "startOffset": 406,
                        "endLine": 10,
                        "endColumn": 12,
                        "endOffset": 629
                    }
                }
            },
            {
                "to": {
                    "startLine": 9,
                    "startColumn": 4,
                    "startOffset": 456,
                    "endLine": 11,
                    "endColumn": 12,
                    "endOffset": 609
                },
                "from": {
                    "file": "D:\\projects\\VirtualEyeDoc\\app\\build\\intermediates\\exploded-aar\\com.android.support\\appcompat-v7\\23.1.1\\res\\values-v17\\values-v17.xml",
                    "position": {
                        "startLine": 11,
                        "startColumn": 4,
                        "startOffset": 634,
                        "endLine": 13,
                        "endColumn": 12,
                        "endOffset": 787
                    }
                }
            },
            {
                "to": {
                    "startLine": 12,
                    "startColumn": 4,
                    "startOffset": 614,
                    "endLine": 14,
                    "endColumn": 12,
                    "endOffset": 759
                },
                "from": {
                    "file": "D:\\projects\\VirtualEyeDoc\\app\\build\\intermediates\\exploded-aar\\com.android.support\\appcompat-v7\\23.1.1\\res\\values-v17\\values-v17.xml",
                    "position": {
                        "startLine": 14,
                        "startColumn": 4,
                        "startOffset": 792,
                        "endLine": 16,
                        "endColumn": 12,
                        "endOffset": 937
                    }
                }
            },
            {
                "to": {
                    "startLine": 15,
                    "startColumn": 4,
                    "startOffset": 764,
                    "endLine": 17,
                    "endColumn": 12,
                    "endOffset": 931
                },
                "from": {
                    "file": "D:\\projects\\VirtualEyeDoc\\app\\build\\intermediates\\exploded-aar\\com.android.support\\appcompat-v7\\23.1.1\\res\\values-v17\\values-v17.xml",
                    "position": {
                        "startLine": 17,
                        "startColumn": 4,
                        "startOffset": 942,
                        "endLine": 19,
                        "endColumn": 12,
                        "endOffset": 1109
                    }
                }
            },
            {
                "to": {
                    "startLine": 18,
                    "startColumn": 4,
                    "startOffset": 936,
                    "endLine": 21,
                    "endColumn": 12,
                    "endOffset": 1159
                },
                "from": {
                    "file": "D:\\projects\\VirtualEyeDoc\\app\\build\\intermediates\\exploded-aar\\com.android.support\\appcompat-v7\\23.1.1\\res\\values-v17\\values-v17.xml",
                    "position": {
                        "startLine": 20,
                        "startColumn": 4,
                        "startOffset": 1114,
                        "endLine": 23,
                        "endColumn": 12,
                        "endOffset": 1337
                    }
                }
            },
            {
                "to": {
                    "startLine": 22,
                    "startColumn": 4,
                    "startOffset": 1164,
                    "endLine": 25,
                    "endColumn": 12,
                    "endOffset": 1401
                },
                "from": {
                    "file": "D:\\projects\\VirtualEyeDoc\\app\\build\\intermediates\\exploded-aar\\com.android.support\\appcompat-v7\\23.1.1\\res\\values-v17\\values-v17.xml",
                    "position": {
                        "startLine": 24,
                        "startColumn": 4,
                        "startOffset": 1342,
                        "endLine": 27,
                        "endColumn": 12,
                        "endOffset": 1579
                    }
                }
            },
            {
                "to": {
                    "startLine": 26,
                    "startColumn": 4,
                    "startOffset": 1406,
                    "endLine": 28,
                    "endColumn": 12,
                    "endOffset": 1572
                },
                "from": {
                    "file": "D:\\projects\\VirtualEyeDoc\\app\\build\\intermediates\\exploded-aar\\com.android.support\\appcompat-v7\\23.1.1\\res\\values-v17\\values-v17.xml",
                    "position": {
                        "startLine": 28,
                        "startColumn": 4,
                        "startOffset": 1584,
                        "endLine": 30,
                        "endColumn": 12,
                        "endOffset": 1750
                    }
                }
            },
            {
                "to": {
                    "startLine": 29,
                    "startColumn": 4,
                    "startOffset": 1577,
                    "endLine": 31,
                    "endColumn": 12,
                    "endOffset": 1746
                },
                "from": {
                    "file": "D:\\projects\\VirtualEyeDoc\\app\\build\\intermediates\\exploded-aar\\com.android.support\\appcompat-v7\\23.1.1\\res\\values-v17\\values-v17.xml",
                    "position": {
                        "startLine": 31,
                        "startColumn": 4,
                        "startOffset": 1755,
                        "endLine": 33,
                        "endColumn": 12,
                        "endOffset": 1924
                    }
                }
            },
            {
                "to": {
                    "startLine": 32,
                    "startColumn": 4,
                    "startOffset": 1751,
                    "endLine": 34,
                    "endColumn": 12,
                    "endOffset": 1915
                },
                "from": {
                    "file": "D:\\projects\\VirtualEyeDoc\\app\\build\\intermediates\\exploded-aar\\com.android.support\\appcompat-v7\\23.1.1\\res\\values-v17\\values-v17.xml",
                    "position": {
                        "startLine": 34,
                        "startColumn": 4,
                        "startOffset": 1929,
                        "endLine": 36,
                        "endColumn": 12,
                        "endOffset": 2093
                    }
                }
            },
            {
                "to": {
                    "startLine": 35,
                    "startColumn": 4,
                    "startOffset": 1920,
                    "endLine": 38,
                    "endColumn": 12,
                    "endOffset": 2188
                },
                "from": {
                    "file": "D:\\projects\\VirtualEyeDoc\\app\\build\\intermediates\\exploded-aar\\com.android.support\\appcompat-v7\\23.1.1\\res\\values-v17\\values-v17.xml",
                    "position": {
                        "startLine": 37,
                        "startColumn": 4,
                        "startOffset": 2098,
                        "endLine": 40,
                        "endColumn": 12,
                        "endOffset": 2366
                    }
                }
            },
            {
                "to": {
                    "startLine": 39,
                    "startColumn": 4,
                    "startOffset": 2193,
                    "endLine": 41,
                    "endColumn": 12,
                    "endOffset": 2388
                },
                "from": {
                    "file": "D:\\projects\\VirtualEyeDoc\\app\\build\\intermediates\\exploded-aar\\com.android.support\\appcompat-v7\\23.1.1\\res\\values-v17\\values-v17.xml",
                    "position": {
                        "startLine": 41,
                        "startColumn": 4,
                        "startOffset": 2371,
                        "endLine": 43,
                        "endColumn": 12,
                        "endOffset": 2566
                    }
                }
            },
            {
                "to": {
                    "startLine": 42,
                    "startColumn": 4,
                    "startOffset": 2393,
                    "endLine": 45,
                    "endColumn": 12,
                    "endOffset": 2592
                },
                "from": {
                    "file": "D:\\projects\\VirtualEyeDoc\\app\\build\\intermediates\\exploded-aar\\com.android.support\\appcompat-v7\\23.1.1\\res\\values-v17\\values-v17.xml",
                    "position": {
                        "startLine": 44,
                        "startColumn": 4,
                        "startOffset": 2571,
                        "endLine": 47,
                        "endColumn": 12,
                        "endOffset": 2770
                    }
                }
            },
            {
                "to": {
                    "startLine": 46,
                    "startColumn": 4,
                    "startOffset": 2597,
                    "endLine": 49,
                    "endColumn": 12,
                    "endOffset": 2921
                },
                "from": {
                    "file": "D:\\projects\\VirtualEyeDoc\\app\\build\\intermediates\\exploded-aar\\com.android.support\\appcompat-v7\\23.1.1\\res\\values-v17\\values-v17.xml",
                    "position": {
                        "startLine": 48,
                        "startColumn": 4,
                        "startOffset": 2775,
                        "endLine": 51,
                        "endColumn": 12,
                        "endOffset": 3099
                    }
                }
            }
        ]
    }
]