[
    {
        "outputFile": "C:\\Users\\ASUS\\Desktop\\VirtualEyeDoc\\app\\build\\intermediates\\res\\merged\\debug\\values-nb\\values-nb.xml",
        "map": [
            {
                "to": {
                    "startLine": 2,
                    "startColumn": 4,
                    "startOffset": 55,
                    "endColumn": 107,
                    "endOffset": 158
                },
                "from": {
                    "file": "C:\\Users\\ASUS\\Desktop\\VirtualEyeDoc\\app\\build\\intermediates\\exploded-aar\\com.android.support\\appcompat-v7\\23.1.1\\res\\values-nb\\values-nb.xml",
                    "position": {
                        "startLine": 4,
                        "startColumn": 4,
                        "startOffset": 229,
                        "endColumn": 107,
                        "endOffset": 332
                    }
                }
            },
            {
                "to": {
                    "startLine": 3,
                    "startColumn": 4,
                    "startOffset": 163,
                    "endColumn": 108,
                    "endOffset": 267
                },
                "from": {
                    "file": "C:\\Users\\ASUS\\Desktop\\VirtualEyeDoc\\app\\build\\intermediates\\exploded-aar\\com.android.support\\appcompat-v7\\23.1.1\\res\\values-nb\\values-nb.xml",
                    "position": {
                        "startLine": 5,
                        "startColumn": 4,
                        "startOffset": 337,
                        "endColumn": 108,
                        "endOffset": 441
                    }
                }
            },
            {
                "to": {
                    "startLine": 4,
                    "startColumn": 4,
                    "startOffset": 272,
                    "endColumn": 124,
                    "endOffset": 392
                },
                "from": {
                    "file": "C:\\Users\\ASUS\\Desktop\\VirtualEyeDoc\\app\\build\\intermediates\\exploded-aar\\com.android.support\\appcompat-v7\\23.1.1\\res\\values-nb\\values-nb.xml",
                    "position": {
                        "startLine": 6,
                        "startColumn": 4,
                        "startOffset": 446,
                        "endColumn": 124,
                        "endOffset": 566
                    }
                }
            },
            {
                "to": {
                    "startLine": 5,
                    "startColumn": 4,
                    "startOffset": 397,
                    "endColumn": 94,
                    "endOffset": 487
                },
                "from": {
                    "file": "C:\\Users\\ASUS\\Desktop\\VirtualEyeDoc\\app\\build\\intermediates\\exploded-aar\\com.android.support\\appcompat-v7\\23.1.1\\res\\values-nb\\values-nb.xml",
                    "position": {
                        "startLine": 7,
                        "startColumn": 4,
                        "startOffset": 571,
                        "endColumn": 94,
                        "endOffset": 661
                    }
                }
            },
            {
                "to": {
                    "startLine": 6,
                    "startColumn": 4,
                    "startOffset": 492,
                    "endColumn": 113,
                    "endOffset": 601
                },
                "from": {
                    "file": "C:\\Users\\ASUS\\Desktop\\VirtualEyeDoc\\app\\build\\intermediates\\exploded-aar\\com.android.support\\appcompat-v7\\23.1.1\\res\\values-nb\\values-nb.xml",
                    "position": {
                        "startLine": 8,
                        "startColumn": 4,
                        "startOffset": 666,
                        "endColumn": 113,
                        "endOffset": 775
                    }
                }
            },
            {
                "to": {
                    "startLine": 7,
                    "startColumn": 4,
                    "startOffset": 606,
                    "endColumn": 85,
                    "endOffset": 687
                },
                "from": {
                    "file": "C:\\Users\\ASUS\\Desktop\\VirtualEyeDoc\\app\\build\\intermediates\\exploded-aar\\com.android.support\\appcompat-v7\\23.1.1\\res\\values-nb\\values-nb.xml",
                    "position": {
                        "startLine": 9,
                        "startColumn": 4,
                        "startOffset": 780,
                        "endColumn": 85,
                        "endOffset": 861
                    }
                }
            },
            {
                "to": {
                    "startLine": 8,
                    "startColumn": 4,
                    "startOffset": 692,
                    "endColumn": 99,
                    "endOffset": 787
                },
                "from": {
                    "file": "C:\\Users\\ASUS\\Desktop\\VirtualEyeDoc\\app\\build\\intermediates\\exploded-aar\\com.android.support\\appcompat-v7\\23.1.1\\res\\values-nb\\values-nb.xml",
                    "position": {
                        "startLine": 10,
                        "startColumn": 4,
                        "startOffset": 866,
                        "endColumn": 99,
                        "endOffset": 961
                    }
                }
            },
            {
                "to": {
                    "startLine": 9,
                    "startColumn": 4,
                    "startOffset": 792,
                    "endColumn": 112,
                    "endOffset": 900
                },
                "from": {
                    "file": "C:\\Users\\ASUS\\Desktop\\VirtualEyeDoc\\app\\build\\intermediates\\exploded-aar\\com.android.support\\appcompat-v7\\23.1.1\\res\\values-nb\\values-nb.xml",
                    "position": {
                        "startLine": 11,
                        "startColumn": 4,
                        "startOffset": 966,
                        "endColumn": 112,
                        "endOffset": 1074
                    }
                }
            },
            {
                "to": {
                    "startLine": 10,
                    "startColumn": 4,
                    "startOffset": 905,
                    "endColumn": 75,
                    "endOffset": 976
                },
                "from": {
                    "file": "C:\\Users\\ASUS\\Desktop\\VirtualEyeDoc\\app\\build\\intermediates\\exploded-aar\\com.android.support\\appcompat-v7\\23.1.1\\res\\values-nb\\values-nb.xml",
                    "position": {
                        "startLine": 12,
                        "startColumn": 4,
                        "startOffset": 1079,
                        "endColumn": 75,
                        "endOffset": 1150
                    }
                }
            },
            {
                "to": {
                    "startLine": 11,
                    "startColumn": 4,
                    "startOffset": 981,
                    "endColumn": 75,
                    "endOffset": 1052
                },
                "from": {
                    "file": "C:\\Users\\ASUS\\Desktop\\VirtualEyeDoc\\app\\build\\intermediates\\exploded-aar\\com.android.support\\appcompat-v7\\23.1.1\\res\\values-nb\\values-nb.xml",
                    "position": {
                        "startLine": 13,
                        "startColumn": 4,
                        "startOffset": 1155,
                        "endColumn": 75,
                        "endOffset": 1226
                    }
                }
            },
            {
                "to": {
                    "startLine": 12,
                    "startColumn": 4,
                    "startOffset": 1057,
                    "endColumn": 79,
                    "endOffset": 1132
                },
                "from": {
                    "file": "C:\\Users\\ASUS\\Desktop\\VirtualEyeDoc\\app\\build\\intermediates\\exploded-aar\\com.android.support\\appcompat-v7\\23.1.1\\res\\values-nb\\values-nb.xml",
                    "position": {
                        "startLine": 14,
                        "startColumn": 4,
                        "startOffset": 1231,
                        "endColumn": 79,
                        "endOffset": 1306
                    }
                }
            },
            {
                "to": {
                    "startLine": 13,
                    "startColumn": 4,
                    "startOffset": 1137,
                    "endColumn": 102,
                    "endOffset": 1235
                },
                "from": {
                    "file": "C:\\Users\\ASUS\\Desktop\\VirtualEyeDoc\\app\\build\\intermediates\\exploded-aar\\com.android.support\\appcompat-v7\\23.1.1\\res\\values-nb\\values-nb.xml",
                    "position": {
                        "startLine": 15,
                        "startColumn": 4,
                        "startOffset": 1311,
                        "endColumn": 102,
                        "endOffset": 1409
                    }
                }
            },
            {
                "to": {
                    "startLine": 14,
                    "startColumn": 4,
                    "startOffset": 1240,
                    "endColumn": 98,
                    "endOffset": 1334
                },
                "from": {
                    "file": "C:\\Users\\ASUS\\Desktop\\VirtualEyeDoc\\app\\build\\intermediates\\exploded-aar\\com.android.support\\appcompat-v7\\23.1.1\\res\\values-nb\\values-nb.xml",
                    "position": {
                        "startLine": 16,
                        "startColumn": 4,
                        "startOffset": 1414,
                        "endColumn": 98,
                        "endOffset": 1508
                    }
                }
            },
            {
                "to": {
                    "startLine": 15,
                    "startColumn": 4,
                    "startOffset": 1339,
                    "endColumn": 95,
                    "endOffset": 1430
                },
                "from": {
                    "file": "C:\\Users\\ASUS\\Desktop\\VirtualEyeDoc\\app\\build\\intermediates\\exploded-aar\\com.android.support\\appcompat-v7\\23.1.1\\res\\values-nb\\values-nb.xml",
                    "position": {
                        "startLine": 17,
                        "startColumn": 4,
                        "startOffset": 1513,
                        "endColumn": 95,
                        "endOffset": 1604
                    }
                }
            },
            {
                "to": {
                    "startLine": 16,
                    "startColumn": 4,
                    "startOffset": 1435,
                    "endColumn": 103,
                    "endOffset": 1534
                },
                "from": {
                    "file": "C:\\Users\\ASUS\\Desktop\\VirtualEyeDoc\\app\\build\\intermediates\\exploded-aar\\com.android.support\\appcompat-v7\\23.1.1\\res\\values-nb\\values-nb.xml",
                    "position": {
                        "startLine": 18,
                        "startColumn": 4,
                        "startOffset": 1609,
                        "endColumn": 103,
                        "endOffset": 1708
                    }
                }
            },
            {
                "to": {
                    "startLine": 17,
                    "startColumn": 4,
                    "startOffset": 1539,
                    "endColumn": 97,
                    "endOffset": 1632
                },
                "from": {
                    "file": "C:\\Users\\ASUS\\Desktop\\VirtualEyeDoc\\app\\build\\intermediates\\exploded-aar\\com.android.support\\appcompat-v7\\23.1.1\\res\\values-nb\\values-nb.xml",
                    "position": {
                        "startLine": 19,
                        "startColumn": 4,
                        "startOffset": 1713,
                        "endColumn": 97,
                        "endOffset": 1806
                    }
                }
            },
            {
                "to": {
                    "startLine": 18,
                    "startColumn": 4,
                    "startOffset": 1637,
                    "endColumn": 100,
                    "endOffset": 1733
                },
                "from": {
                    "file": "C:\\Users\\ASUS\\Desktop\\VirtualEyeDoc\\app\\build\\intermediates\\exploded-aar\\com.android.support\\appcompat-v7\\23.1.1\\res\\values-nb\\values-nb.xml",
                    "position": {
                        "startLine": 20,
                        "startColumn": 4,
                        "startOffset": 1811,
                        "endColumn": 100,
                        "endOffset": 1907
                    }
                }
            },
            {
                "to": {
                    "startLine": 19,
                    "startColumn": 4,
                    "startOffset": 1738,
                    "endColumn": 115,
                    "endOffset": 1849
                },
                "from": {
                    "file": "C:\\Users\\ASUS\\Desktop\\VirtualEyeDoc\\app\\build\\intermediates\\exploded-aar\\com.android.support\\appcompat-v7\\23.1.1\\res\\values-nb\\values-nb.xml",
                    "position": {
                        "startLine": 21,
                        "startColumn": 4,
                        "startOffset": 1912,
                        "endColumn": 115,
                        "endOffset": 2023
                    }
                }
            },
            {
                "to": {
                    "startLine": 20,
                    "startColumn": 4,
                    "startOffset": 1854,
                    "endColumn": 96,
                    "endOffset": 1946
                },
                "from": {
                    "file": "C:\\Users\\ASUS\\Desktop\\VirtualEyeDoc\\app\\build\\intermediates\\exploded-aar\\com.android.support\\appcompat-v7\\23.1.1\\res\\values-nb\\values-nb.xml",
                    "position": {
                        "startLine": 22,
                        "startColumn": 4,
                        "startOffset": 2028,
                        "endColumn": 96,
                        "endOffset": 2120
                    }
                }
            },
            {
                "to": {
                    "startLine": 21,
                    "startColumn": 4,
                    "startOffset": 1951,
                    "endColumn": 100,
                    "endOffset": 2047
                },
                "from": {
                    "file": "C:\\Users\\ASUS\\Desktop\\VirtualEyeDoc\\app\\build\\intermediates\\exploded-aar\\com.android.support\\appcompat-v7\\23.1.1\\res\\values-nb\\values-nb.xml",
                    "position": {
                        "startLine": 23,
                        "startColumn": 4,
                        "startOffset": 2125,
                        "endColumn": 100,
                        "endOffset": 2221
                    }
                }
            }
        ]
    },
    {
        "outputFile": "D:\\VirtualEyeDoc\\app\\build\\intermediates\\res\\merged\\debug\\values-nb\\values-nb.xml",
        "map": [
            {
                "to": {
                    "startLine": 2,
                    "startColumn": 4,
                    "startOffset": 55,
                    "endColumn": 107,
                    "endOffset": 158
                },
                "from": {
                    "file": "D:\\VirtualEyeDoc\\app\\build\\intermediates\\exploded-aar\\com.android.support\\appcompat-v7\\23.1.1\\res\\values-nb\\values-nb.xml",
                    "position": {
                        "startLine": 4,
                        "startColumn": 4,
                        "startOffset": 229,
                        "endColumn": 107,
                        "endOffset": 332
                    }
                }
            },
            {
                "to": {
                    "startLine": 3,
                    "startColumn": 4,
                    "startOffset": 163,
                    "endColumn": 108,
                    "endOffset": 267
                },
                "from": {
                    "file": "D:\\VirtualEyeDoc\\app\\build\\intermediates\\exploded-aar\\com.android.support\\appcompat-v7\\23.1.1\\res\\values-nb\\values-nb.xml",
                    "position": {
                        "startLine": 5,
                        "startColumn": 4,
                        "startOffset": 337,
                        "endColumn": 108,
                        "endOffset": 441
                    }
                }
            },
            {
                "to": {
                    "startLine": 4,
                    "startColumn": 4,
                    "startOffset": 272,
                    "endColumn": 124,
                    "endOffset": 392
                },
                "from": {
                    "file": "D:\\VirtualEyeDoc\\app\\build\\intermediates\\exploded-aar\\com.android.support\\appcompat-v7\\23.1.1\\res\\values-nb\\values-nb.xml",
                    "position": {
                        "startLine": 6,
                        "startColumn": 4,
                        "startOffset": 446,
                        "endColumn": 124,
                        "endOffset": 566
                    }
                }
            },
            {
                "to": {
                    "startLine": 5,
                    "startColumn": 4,
                    "startOffset": 397,
                    "endColumn": 94,
                    "endOffset": 487
                },
                "from": {
                    "file": "D:\\VirtualEyeDoc\\app\\build\\intermediates\\exploded-aar\\com.android.support\\appcompat-v7\\23.1.1\\res\\values-nb\\values-nb.xml",
                    "position": {
                        "startLine": 7,
                        "startColumn": 4,
                        "startOffset": 571,
                        "endColumn": 94,
                        "endOffset": 661
                    }
                }
            },
            {
                "to": {
                    "startLine": 6,
                    "startColumn": 4,
                    "startOffset": 492,
                    "endColumn": 113,
                    "endOffset": 601
                },
                "from": {
                    "file": "D:\\VirtualEyeDoc\\app\\build\\intermediates\\exploded-aar\\com.android.support\\appcompat-v7\\23.1.1\\res\\values-nb\\values-nb.xml",
                    "position": {
                        "startLine": 8,
                        "startColumn": 4,
                        "startOffset": 666,
                        "endColumn": 113,
                        "endOffset": 775
                    }
                }
            },
            {
                "to": {
                    "startLine": 7,
                    "startColumn": 4,
                    "startOffset": 606,
                    "endColumn": 85,
                    "endOffset": 687
                },
                "from": {
                    "file": "D:\\VirtualEyeDoc\\app\\build\\intermediates\\exploded-aar\\com.android.support\\appcompat-v7\\23.1.1\\res\\values-nb\\values-nb.xml",
                    "position": {
                        "startLine": 9,
                        "startColumn": 4,
                        "startOffset": 780,
                        "endColumn": 85,
                        "endOffset": 861
                    }
                }
            },
            {
                "to": {
                    "startLine": 8,
                    "startColumn": 4,
                    "startOffset": 692,
                    "endColumn": 99,
                    "endOffset": 787
                },
                "from": {
                    "file": "D:\\VirtualEyeDoc\\app\\build\\intermediates\\exploded-aar\\com.android.support\\appcompat-v7\\23.1.1\\res\\values-nb\\values-nb.xml",
                    "position": {
                        "startLine": 10,
                        "startColumn": 4,
                        "startOffset": 866,
                        "endColumn": 99,
                        "endOffset": 961
                    }
                }
            },
            {
                "to": {
                    "startLine": 9,
                    "startColumn": 4,
                    "startOffset": 792,
                    "endColumn": 112,
                    "endOffset": 900
                },
                "from": {
                    "file": "D:\\VirtualEyeDoc\\app\\build\\intermediates\\exploded-aar\\com.android.support\\appcompat-v7\\23.1.1\\res\\values-nb\\values-nb.xml",
                    "position": {
                        "startLine": 11,
                        "startColumn": 4,
                        "startOffset": 966,
                        "endColumn": 112,
                        "endOffset": 1074
                    }
                }
            },
            {
                "to": {
                    "startLine": 10,
                    "startColumn": 4,
                    "startOffset": 905,
                    "endColumn": 75,
                    "endOffset": 976
                },
                "from": {
                    "file": "D:\\VirtualEyeDoc\\app\\build\\intermediates\\exploded-aar\\com.android.support\\appcompat-v7\\23.1.1\\res\\values-nb\\values-nb.xml",
                    "position": {
                        "startLine": 12,
                        "startColumn": 4,
                        "startOffset": 1079,
                        "endColumn": 75,
                        "endOffset": 1150
                    }
                }
            },
            {
                "to": {
                    "startLine": 11,
                    "startColumn": 4,
                    "startOffset": 981,
                    "endColumn": 75,
                    "endOffset": 1052
                },
                "from": {
                    "file": "D:\\VirtualEyeDoc\\app\\build\\intermediates\\exploded-aar\\com.android.support\\appcompat-v7\\23.1.1\\res\\values-nb\\values-nb.xml",
                    "position": {
                        "startLine": 13,
                        "startColumn": 4,
                        "startOffset": 1155,
                        "endColumn": 75,
                        "endOffset": 1226
                    }
                }
            },
            {
                "to": {
                    "startLine": 12,
                    "startColumn": 4,
                    "startOffset": 1057,
                    "endColumn": 79,
                    "endOffset": 1132
                },
                "from": {
                    "file": "D:\\VirtualEyeDoc\\app\\build\\intermediates\\exploded-aar\\com.android.support\\appcompat-v7\\23.1.1\\res\\values-nb\\values-nb.xml",
                    "position": {
                        "startLine": 14,
                        "startColumn": 4,
                        "startOffset": 1231,
                        "endColumn": 79,
                        "endOffset": 1306
                    }
                }
            },
            {
                "to": {
                    "startLine": 13,
                    "startColumn": 4,
                    "startOffset": 1137,
                    "endColumn": 102,
                    "endOffset": 1235
                },
                "from": {
                    "file": "D:\\VirtualEyeDoc\\app\\build\\intermediates\\exploded-aar\\com.android.support\\appcompat-v7\\23.1.1\\res\\values-nb\\values-nb.xml",
                    "position": {
                        "startLine": 15,
                        "startColumn": 4,
                        "startOffset": 1311,
                        "endColumn": 102,
                        "endOffset": 1409
                    }
                }
            },
            {
                "to": {
                    "startLine": 14,
                    "startColumn": 4,
                    "startOffset": 1240,
                    "endColumn": 98,
                    "endOffset": 1334
                },
                "from": {
                    "file": "D:\\VirtualEyeDoc\\app\\build\\intermediates\\exploded-aar\\com.android.support\\appcompat-v7\\23.1.1\\res\\values-nb\\values-nb.xml",
                    "position": {
                        "startLine": 16,
                        "startColumn": 4,
                        "startOffset": 1414,
                        "endColumn": 98,
                        "endOffset": 1508
                    }
                }
            },
            {
                "to": {
                    "startLine": 15,
                    "startColumn": 4,
                    "startOffset": 1339,
                    "endColumn": 95,
                    "endOffset": 1430
                },
                "from": {
                    "file": "D:\\VirtualEyeDoc\\app\\build\\intermediates\\exploded-aar\\com.android.support\\appcompat-v7\\23.1.1\\res\\values-nb\\values-nb.xml",
                    "position": {
                        "startLine": 17,
                        "startColumn": 4,
                        "startOffset": 1513,
                        "endColumn": 95,
                        "endOffset": 1604
                    }
                }
            },
            {
                "to": {
                    "startLine": 16,
                    "startColumn": 4,
                    "startOffset": 1435,
                    "endColumn": 103,
                    "endOffset": 1534
                },
                "from": {
                    "file": "D:\\VirtualEyeDoc\\app\\build\\intermediates\\exploded-aar\\com.android.support\\appcompat-v7\\23.1.1\\res\\values-nb\\values-nb.xml",
                    "position": {
                        "startLine": 18,
                        "startColumn": 4,
                        "startOffset": 1609,
                        "endColumn": 103,
                        "endOffset": 1708
                    }
                }
            },
            {
                "to": {
                    "startLine": 17,
                    "startColumn": 4,
                    "startOffset": 1539,
                    "endColumn": 97,
                    "endOffset": 1632
                },
                "from": {
                    "file": "D:\\VirtualEyeDoc\\app\\build\\intermediates\\exploded-aar\\com.android.support\\appcompat-v7\\23.1.1\\res\\values-nb\\values-nb.xml",
                    "position": {
                        "startLine": 19,
                        "startColumn": 4,
                        "startOffset": 1713,
                        "endColumn": 97,
                        "endOffset": 1806
                    }
                }
            },
            {
                "to": {
                    "startLine": 18,
                    "startColumn": 4,
                    "startOffset": 1637,
                    "endColumn": 100,
                    "endOffset": 1733
                },
                "from": {
                    "file": "D:\\VirtualEyeDoc\\app\\build\\intermediates\\exploded-aar\\com.android.support\\appcompat-v7\\23.1.1\\res\\values-nb\\values-nb.xml",
                    "position": {
                        "startLine": 20,
                        "startColumn": 4,
                        "startOffset": 1811,
                        "endColumn": 100,
                        "endOffset": 1907
                    }
                }
            },
            {
                "to": {
                    "startLine": 19,
                    "startColumn": 4,
                    "startOffset": 1738,
                    "endColumn": 115,
                    "endOffset": 1849
                },
                "from": {
                    "file": "D:\\VirtualEyeDoc\\app\\build\\intermediates\\exploded-aar\\com.android.support\\appcompat-v7\\23.1.1\\res\\values-nb\\values-nb.xml",
                    "position": {
                        "startLine": 21,
                        "startColumn": 4,
                        "startOffset": 1912,
                        "endColumn": 115,
                        "endOffset": 2023
                    }
                }
            },
            {
                "to": {
                    "startLine": 20,
                    "startColumn": 4,
                    "startOffset": 1854,
                    "endColumn": 96,
                    "endOffset": 1946
                },
                "from": {
                    "file": "D:\\VirtualEyeDoc\\app\\build\\intermediates\\exploded-aar\\com.android.support\\appcompat-v7\\23.1.1\\res\\values-nb\\values-nb.xml",
                    "position": {
                        "startLine": 22,
                        "startColumn": 4,
                        "startOffset": 2028,
                        "endColumn": 96,
                        "endOffset": 2120
                    }
                }
            },
            {
                "to": {
                    "startLine": 21,
                    "startColumn": 4,
                    "startOffset": 1951,
                    "endColumn": 100,
                    "endOffset": 2047
                },
                "from": {
                    "file": "D:\\VirtualEyeDoc\\app\\build\\intermediates\\exploded-aar\\com.android.support\\appcompat-v7\\23.1.1\\res\\values-nb\\values-nb.xml",
                    "position": {
                        "startLine": 23,
                        "startColumn": 4,
                        "startOffset": 2125,
                        "endColumn": 100,
                        "endOffset": 2221
                    }
                }
            }
        ]
    },
    {
        "outputFile": "C:\\Users\\Shaborni\\AndroidStudioProjects\\VirtualEyeDoc\\app\\build\\intermediates\\res\\merged\\debug\\values-nb\\values-nb.xml",
        "map": [
            {
                "to": {
                    "startLine": 2,
                    "startColumn": 4,
                    "startOffset": 55,
                    "endColumn": 107,
                    "endOffset": 158
                },
                "from": {
                    "file": "C:\\Users\\Shaborni\\AndroidStudioProjects\\VirtualEyeDoc\\app\\build\\intermediates\\exploded-aar\\com.android.support\\appcompat-v7\\23.1.1\\res\\values-nb\\values-nb.xml",
                    "position": {
                        "startLine": 4,
                        "startColumn": 4,
                        "startOffset": 229,
                        "endColumn": 107,
                        "endOffset": 332
                    }
                }
            },
            {
                "to": {
                    "startLine": 3,
                    "startColumn": 4,
                    "startOffset": 163,
                    "endColumn": 108,
                    "endOffset": 267
                },
                "from": {
                    "file": "C:\\Users\\Shaborni\\AndroidStudioProjects\\VirtualEyeDoc\\app\\build\\intermediates\\exploded-aar\\com.android.support\\appcompat-v7\\23.1.1\\res\\values-nb\\values-nb.xml",
                    "position": {
                        "startLine": 5,
                        "startColumn": 4,
                        "startOffset": 337,
                        "endColumn": 108,
                        "endOffset": 441
                    }
                }
            },
            {
                "to": {
                    "startLine": 4,
                    "startColumn": 4,
                    "startOffset": 272,
                    "endColumn": 124,
                    "endOffset": 392
                },
                "from": {
                    "file": "C:\\Users\\Shaborni\\AndroidStudioProjects\\VirtualEyeDoc\\app\\build\\intermediates\\exploded-aar\\com.android.support\\appcompat-v7\\23.1.1\\res\\values-nb\\values-nb.xml",
                    "position": {
                        "startLine": 6,
                        "startColumn": 4,
                        "startOffset": 446,
                        "endColumn": 124,
                        "endOffset": 566
                    }
                }
            },
            {
                "to": {
                    "startLine": 5,
                    "startColumn": 4,
                    "startOffset": 397,
                    "endColumn": 94,
                    "endOffset": 487
                },
                "from": {
                    "file": "C:\\Users\\Shaborni\\AndroidStudioProjects\\VirtualEyeDoc\\app\\build\\intermediates\\exploded-aar\\com.android.support\\appcompat-v7\\23.1.1\\res\\values-nb\\values-nb.xml",
                    "position": {
                        "startLine": 7,
                        "startColumn": 4,
                        "startOffset": 571,
                        "endColumn": 94,
                        "endOffset": 661
                    }
                }
            },
            {
                "to": {
                    "startLine": 6,
                    "startColumn": 4,
                    "startOffset": 492,
                    "endColumn": 113,
                    "endOffset": 601
                },
                "from": {
                    "file": "C:\\Users\\Shaborni\\AndroidStudioProjects\\VirtualEyeDoc\\app\\build\\intermediates\\exploded-aar\\com.android.support\\appcompat-v7\\23.1.1\\res\\values-nb\\values-nb.xml",
                    "position": {
                        "startLine": 8,
                        "startColumn": 4,
                        "startOffset": 666,
                        "endColumn": 113,
                        "endOffset": 775
                    }
                }
            },
            {
                "to": {
                    "startLine": 7,
                    "startColumn": 4,
                    "startOffset": 606,
                    "endColumn": 85,
                    "endOffset": 687
                },
                "from": {
                    "file": "C:\\Users\\Shaborni\\AndroidStudioProjects\\VirtualEyeDoc\\app\\build\\intermediates\\exploded-aar\\com.android.support\\appcompat-v7\\23.1.1\\res\\values-nb\\values-nb.xml",
                    "position": {
                        "startLine": 9,
                        "startColumn": 4,
                        "startOffset": 780,
                        "endColumn": 85,
                        "endOffset": 861
                    }
                }
            },
            {
                "to": {
                    "startLine": 8,
                    "startColumn": 4,
                    "startOffset": 692,
                    "endColumn": 99,
                    "endOffset": 787
                },
                "from": {
                    "file": "C:\\Users\\Shaborni\\AndroidStudioProjects\\VirtualEyeDoc\\app\\build\\intermediates\\exploded-aar\\com.android.support\\appcompat-v7\\23.1.1\\res\\values-nb\\values-nb.xml",
                    "position": {
                        "startLine": 10,
                        "startColumn": 4,
                        "startOffset": 866,
                        "endColumn": 99,
                        "endOffset": 961
                    }
                }
            },
            {
                "to": {
                    "startLine": 9,
                    "startColumn": 4,
                    "startOffset": 792,
                    "endColumn": 112,
                    "endOffset": 900
                },
                "from": {
                    "file": "C:\\Users\\Shaborni\\AndroidStudioProjects\\VirtualEyeDoc\\app\\build\\intermediates\\exploded-aar\\com.android.support\\appcompat-v7\\23.1.1\\res\\values-nb\\values-nb.xml",
                    "position": {
                        "startLine": 11,
                        "startColumn": 4,
                        "startOffset": 966,
                        "endColumn": 112,
                        "endOffset": 1074
                    }
                }
            },
            {
                "to": {
                    "startLine": 10,
                    "startColumn": 4,
                    "startOffset": 905,
                    "endColumn": 75,
                    "endOffset": 976
                },
                "from": {
                    "file": "C:\\Users\\Shaborni\\AndroidStudioProjects\\VirtualEyeDoc\\app\\build\\intermediates\\exploded-aar\\com.android.support\\appcompat-v7\\23.1.1\\res\\values-nb\\values-nb.xml",
                    "position": {
                        "startLine": 12,
                        "startColumn": 4,
                        "startOffset": 1079,
                        "endColumn": 75,
                        "endOffset": 1150
                    }
                }
            },
            {
                "to": {
                    "startLine": 11,
                    "startColumn": 4,
                    "startOffset": 981,
                    "endColumn": 75,
                    "endOffset": 1052
                },
                "from": {
                    "file": "C:\\Users\\Shaborni\\AndroidStudioProjects\\VirtualEyeDoc\\app\\build\\intermediates\\exploded-aar\\com.android.support\\appcompat-v7\\23.1.1\\res\\values-nb\\values-nb.xml",
                    "position": {
                        "startLine": 13,
                        "startColumn": 4,
                        "startOffset": 1155,
                        "endColumn": 75,
                        "endOffset": 1226
                    }
                }
            },
            {
                "to": {
                    "startLine": 12,
                    "startColumn": 4,
                    "startOffset": 1057,
                    "endColumn": 79,
                    "endOffset": 1132
                },
                "from": {
                    "file": "C:\\Users\\Shaborni\\AndroidStudioProjects\\VirtualEyeDoc\\app\\build\\intermediates\\exploded-aar\\com.android.support\\appcompat-v7\\23.1.1\\res\\values-nb\\values-nb.xml",
                    "position": {
                        "startLine": 14,
                        "startColumn": 4,
                        "startOffset": 1231,
                        "endColumn": 79,
                        "endOffset": 1306
                    }
                }
            },
            {
                "to": {
                    "startLine": 13,
                    "startColumn": 4,
                    "startOffset": 1137,
                    "endColumn": 102,
                    "endOffset": 1235
                },
                "from": {
                    "file": "C:\\Users\\Shaborni\\AndroidStudioProjects\\VirtualEyeDoc\\app\\build\\intermediates\\exploded-aar\\com.android.support\\appcompat-v7\\23.1.1\\res\\values-nb\\values-nb.xml",
                    "position": {
                        "startLine": 15,
                        "startColumn": 4,
                        "startOffset": 1311,
                        "endColumn": 102,
                        "endOffset": 1409
                    }
                }
            },
            {
                "to": {
                    "startLine": 14,
                    "startColumn": 4,
                    "startOffset": 1240,
                    "endColumn": 98,
                    "endOffset": 1334
                },
                "from": {
                    "file": "C:\\Users\\Shaborni\\AndroidStudioProjects\\VirtualEyeDoc\\app\\build\\intermediates\\exploded-aar\\com.android.support\\appcompat-v7\\23.1.1\\res\\values-nb\\values-nb.xml",
                    "position": {
                        "startLine": 16,
                        "startColumn": 4,
                        "startOffset": 1414,
                        "endColumn": 98,
                        "endOffset": 1508
                    }
                }
            },
            {
                "to": {
                    "startLine": 15,
                    "startColumn": 4,
                    "startOffset": 1339,
                    "endColumn": 95,
                    "endOffset": 1430
                },
                "from": {
                    "file": "C:\\Users\\Shaborni\\AndroidStudioProjects\\VirtualEyeDoc\\app\\build\\intermediates\\exploded-aar\\com.android.support\\appcompat-v7\\23.1.1\\res\\values-nb\\values-nb.xml",
                    "position": {
                        "startLine": 17,
                        "startColumn": 4,
                        "startOffset": 1513,
                        "endColumn": 95,
                        "endOffset": 1604
                    }
                }
            },
            {
                "to": {
                    "startLine": 16,
                    "startColumn": 4,
                    "startOffset": 1435,
                    "endColumn": 103,
                    "endOffset": 1534
                },
                "from": {
                    "file": "C:\\Users\\Shaborni\\AndroidStudioProjects\\VirtualEyeDoc\\app\\build\\intermediates\\exploded-aar\\com.android.support\\appcompat-v7\\23.1.1\\res\\values-nb\\values-nb.xml",
                    "position": {
                        "startLine": 18,
                        "startColumn": 4,
                        "startOffset": 1609,
                        "endColumn": 103,
                        "endOffset": 1708
                    }
                }
            },
            {
                "to": {
                    "startLine": 17,
                    "startColumn": 4,
                    "startOffset": 1539,
                    "endColumn": 97,
                    "endOffset": 1632
                },
                "from": {
                    "file": "C:\\Users\\Shaborni\\AndroidStudioProjects\\VirtualEyeDoc\\app\\build\\intermediates\\exploded-aar\\com.android.support\\appcompat-v7\\23.1.1\\res\\values-nb\\values-nb.xml",
                    "position": {
                        "startLine": 19,
                        "startColumn": 4,
                        "startOffset": 1713,
                        "endColumn": 97,
                        "endOffset": 1806
                    }
                }
            },
            {
                "to": {
                    "startLine": 18,
                    "startColumn": 4,
                    "startOffset": 1637,
                    "endColumn": 100,
                    "endOffset": 1733
                },
                "from": {
                    "file": "C:\\Users\\Shaborni\\AndroidStudioProjects\\VirtualEyeDoc\\app\\build\\intermediates\\exploded-aar\\com.android.support\\appcompat-v7\\23.1.1\\res\\values-nb\\values-nb.xml",
                    "position": {
                        "startLine": 20,
                        "startColumn": 4,
                        "startOffset": 1811,
                        "endColumn": 100,
                        "endOffset": 1907
                    }
                }
            },
            {
                "to": {
                    "startLine": 19,
                    "startColumn": 4,
                    "startOffset": 1738,
                    "endColumn": 115,
                    "endOffset": 1849
                },
                "from": {
                    "file": "C:\\Users\\Shaborni\\AndroidStudioProjects\\VirtualEyeDoc\\app\\build\\intermediates\\exploded-aar\\com.android.support\\appcompat-v7\\23.1.1\\res\\values-nb\\values-nb.xml",
                    "position": {
                        "startLine": 21,
                        "startColumn": 4,
                        "startOffset": 1912,
                        "endColumn": 115,
                        "endOffset": 2023
                    }
                }
            },
            {
                "to": {
                    "startLine": 20,
                    "startColumn": 4,
                    "startOffset": 1854,
                    "endColumn": 96,
                    "endOffset": 1946
                },
                "from": {
                    "file": "C:\\Users\\Shaborni\\AndroidStudioProjects\\VirtualEyeDoc\\app\\build\\intermediates\\exploded-aar\\com.android.support\\appcompat-v7\\23.1.1\\res\\values-nb\\values-nb.xml",
                    "position": {
                        "startLine": 22,
                        "startColumn": 4,
                        "startOffset": 2028,
                        "endColumn": 96,
                        "endOffset": 2120
                    }
                }
            },
            {
                "to": {
                    "startLine": 21,
                    "startColumn": 4,
                    "startOffset": 1951,
                    "endColumn": 100,
                    "endOffset": 2047
                },
                "from": {
                    "file": "C:\\Users\\Shaborni\\AndroidStudioProjects\\VirtualEyeDoc\\app\\build\\intermediates\\exploded-aar\\com.android.support\\appcompat-v7\\23.1.1\\res\\values-nb\\values-nb.xml",
                    "position": {
                        "startLine": 23,
                        "startColumn": 4,
                        "startOffset": 2125,
                        "endColumn": 100,
                        "endOffset": 2221
                    }
                }
            }
        ]
    },
    {
        "outputFile": "D:\\projects\\VirtualEyeDoc\\app\\build\\intermediates\\res\\merged\\debug\\values-nb\\values-nb.xml",
        "map": [
            {
                "to": {
                    "startLine": 2,
                    "startColumn": 4,
                    "startOffset": 55,
                    "endColumn": 107,
                    "endOffset": 158
                },
                "from": {
                    "file": "D:\\projects\\VirtualEyeDoc\\app\\build\\intermediates\\exploded-aar\\com.android.support\\appcompat-v7\\23.1.1\\res\\values-nb\\values-nb.xml",
                    "position": {
                        "startLine": 4,
                        "startColumn": 4,
                        "startOffset": 229,
                        "endColumn": 107,
                        "endOffset": 332
                    }
                }
            },
            {
                "to": {
                    "startLine": 3,
                    "startColumn": 4,
                    "startOffset": 163,
                    "endColumn": 108,
                    "endOffset": 267
                },
                "from": {
                    "file": "D:\\projects\\VirtualEyeDoc\\app\\build\\intermediates\\exploded-aar\\com.android.support\\appcompat-v7\\23.1.1\\res\\values-nb\\values-nb.xml",
                    "position": {
                        "startLine": 5,
                        "startColumn": 4,
                        "startOffset": 337,
                        "endColumn": 108,
                        "endOffset": 441
                    }
                }
            },
            {
                "to": {
                    "startLine": 4,
                    "startColumn": 4,
                    "startOffset": 272,
                    "endColumn": 124,
                    "endOffset": 392
                },
                "from": {
                    "file": "D:\\projects\\VirtualEyeDoc\\app\\build\\intermediates\\exploded-aar\\com.android.support\\appcompat-v7\\23.1.1\\res\\values-nb\\values-nb.xml",
                    "position": {
                        "startLine": 6,
                        "startColumn": 4,
                        "startOffset": 446,
                        "endColumn": 124,
                        "endOffset": 566
                    }
                }
            },
            {
                "to": {
                    "startLine": 5,
                    "startColumn": 4,
                    "startOffset": 397,
                    "endColumn": 94,
                    "endOffset": 487
                },
                "from": {
                    "file": "D:\\projects\\VirtualEyeDoc\\app\\build\\intermediates\\exploded-aar\\com.android.support\\appcompat-v7\\23.1.1\\res\\values-nb\\values-nb.xml",
                    "position": {
                        "startLine": 7,
                        "startColumn": 4,
                        "startOffset": 571,
                        "endColumn": 94,
                        "endOffset": 661
                    }
                }
            },
            {
                "to": {
                    "startLine": 6,
                    "startColumn": 4,
                    "startOffset": 492,
                    "endColumn": 113,
                    "endOffset": 601
                },
                "from": {
                    "file": "D:\\projects\\VirtualEyeDoc\\app\\build\\intermediates\\exploded-aar\\com.android.support\\appcompat-v7\\23.1.1\\res\\values-nb\\values-nb.xml",
                    "position": {
                        "startLine": 8,
                        "startColumn": 4,
                        "startOffset": 666,
                        "endColumn": 113,
                        "endOffset": 775
                    }
                }
            },
            {
                "to": {
                    "startLine": 7,
                    "startColumn": 4,
                    "startOffset": 606,
                    "endColumn": 85,
                    "endOffset": 687
                },
                "from": {
                    "file": "D:\\projects\\VirtualEyeDoc\\app\\build\\intermediates\\exploded-aar\\com.android.support\\appcompat-v7\\23.1.1\\res\\values-nb\\values-nb.xml",
                    "position": {
                        "startLine": 9,
                        "startColumn": 4,
                        "startOffset": 780,
                        "endColumn": 85,
                        "endOffset": 861
                    }
                }
            },
            {
                "to": {
                    "startLine": 8,
                    "startColumn": 4,
                    "startOffset": 692,
                    "endColumn": 99,
                    "endOffset": 787
                },
                "from": {
                    "file": "D:\\projects\\VirtualEyeDoc\\app\\build\\intermediates\\exploded-aar\\com.android.support\\appcompat-v7\\23.1.1\\res\\values-nb\\values-nb.xml",
                    "position": {
                        "startLine": 10,
                        "startColumn": 4,
                        "startOffset": 866,
                        "endColumn": 99,
                        "endOffset": 961
                    }
                }
            },
            {
                "to": {
                    "startLine": 9,
                    "startColumn": 4,
                    "startOffset": 792,
                    "endColumn": 112,
                    "endOffset": 900
                },
                "from": {
                    "file": "D:\\projects\\VirtualEyeDoc\\app\\build\\intermediates\\exploded-aar\\com.android.support\\appcompat-v7\\23.1.1\\res\\values-nb\\values-nb.xml",
                    "position": {
                        "startLine": 11,
                        "startColumn": 4,
                        "startOffset": 966,
                        "endColumn": 112,
                        "endOffset": 1074
                    }
                }
            },
            {
                "to": {
                    "startLine": 10,
                    "startColumn": 4,
                    "startOffset": 905,
                    "endColumn": 75,
                    "endOffset": 976
                },
                "from": {
                    "file": "D:\\projects\\VirtualEyeDoc\\app\\build\\intermediates\\exploded-aar\\com.android.support\\appcompat-v7\\23.1.1\\res\\values-nb\\values-nb.xml",
                    "position": {
                        "startLine": 12,
                        "startColumn": 4,
                        "startOffset": 1079,
                        "endColumn": 75,
                        "endOffset": 1150
                    }
                }
            },
            {
                "to": {
                    "startLine": 11,
                    "startColumn": 4,
                    "startOffset": 981,
                    "endColumn": 75,
                    "endOffset": 1052
                },
                "from": {
                    "file": "D:\\projects\\VirtualEyeDoc\\app\\build\\intermediates\\exploded-aar\\com.android.support\\appcompat-v7\\23.1.1\\res\\values-nb\\values-nb.xml",
                    "position": {
                        "startLine": 13,
                        "startColumn": 4,
                        "startOffset": 1155,
                        "endColumn": 75,
                        "endOffset": 1226
                    }
                }
            },
            {
                "to": {
                    "startLine": 12,
                    "startColumn": 4,
                    "startOffset": 1057,
                    "endColumn": 79,
                    "endOffset": 1132
                },
                "from": {
                    "file": "D:\\projects\\VirtualEyeDoc\\app\\build\\intermediates\\exploded-aar\\com.android.support\\appcompat-v7\\23.1.1\\res\\values-nb\\values-nb.xml",
                    "position": {
                        "startLine": 14,
                        "startColumn": 4,
                        "startOffset": 1231,
                        "endColumn": 79,
                        "endOffset": 1306
                    }
                }
            },
            {
                "to": {
                    "startLine": 13,
                    "startColumn": 4,
                    "startOffset": 1137,
                    "endColumn": 102,
                    "endOffset": 1235
                },
                "from": {
                    "file": "D:\\projects\\VirtualEyeDoc\\app\\build\\intermediates\\exploded-aar\\com.android.support\\appcompat-v7\\23.1.1\\res\\values-nb\\values-nb.xml",
                    "position": {
                        "startLine": 15,
                        "startColumn": 4,
                        "startOffset": 1311,
                        "endColumn": 102,
                        "endOffset": 1409
                    }
                }
            },
            {
                "to": {
                    "startLine": 14,
                    "startColumn": 4,
                    "startOffset": 1240,
                    "endColumn": 98,
                    "endOffset": 1334
                },
                "from": {
                    "file": "D:\\projects\\VirtualEyeDoc\\app\\build\\intermediates\\exploded-aar\\com.android.support\\appcompat-v7\\23.1.1\\res\\values-nb\\values-nb.xml",
                    "position": {
                        "startLine": 16,
                        "startColumn": 4,
                        "startOffset": 1414,
                        "endColumn": 98,
                        "endOffset": 1508
                    }
                }
            },
            {
                "to": {
                    "startLine": 15,
                    "startColumn": 4,
                    "startOffset": 1339,
                    "endColumn": 95,
                    "endOffset": 1430
                },
                "from": {
                    "file": "D:\\projects\\VirtualEyeDoc\\app\\build\\intermediates\\exploded-aar\\com.android.support\\appcompat-v7\\23.1.1\\res\\values-nb\\values-nb.xml",
                    "position": {
                        "startLine": 17,
                        "startColumn": 4,
                        "startOffset": 1513,
                        "endColumn": 95,
                        "endOffset": 1604
                    }
                }
            },
            {
                "to": {
                    "startLine": 16,
                    "startColumn": 4,
                    "startOffset": 1435,
                    "endColumn": 103,
                    "endOffset": 1534
                },
                "from": {
                    "file": "D:\\projects\\VirtualEyeDoc\\app\\build\\intermediates\\exploded-aar\\com.android.support\\appcompat-v7\\23.1.1\\res\\values-nb\\values-nb.xml",
                    "position": {
                        "startLine": 18,
                        "startColumn": 4,
                        "startOffset": 1609,
                        "endColumn": 103,
                        "endOffset": 1708
                    }
                }
            },
            {
                "to": {
                    "startLine": 17,
                    "startColumn": 4,
                    "startOffset": 1539,
                    "endColumn": 97,
                    "endOffset": 1632
                },
                "from": {
                    "file": "D:\\projects\\VirtualEyeDoc\\app\\build\\intermediates\\exploded-aar\\com.android.support\\appcompat-v7\\23.1.1\\res\\values-nb\\values-nb.xml",
                    "position": {
                        "startLine": 19,
                        "startColumn": 4,
                        "startOffset": 1713,
                        "endColumn": 97,
                        "endOffset": 1806
                    }
                }
            },
            {
                "to": {
                    "startLine": 18,
                    "startColumn": 4,
                    "startOffset": 1637,
                    "endColumn": 100,
                    "endOffset": 1733
                },
                "from": {
                    "file": "D:\\projects\\VirtualEyeDoc\\app\\build\\intermediates\\exploded-aar\\com.android.support\\appcompat-v7\\23.1.1\\res\\values-nb\\values-nb.xml",
                    "position": {
                        "startLine": 20,
                        "startColumn": 4,
                        "startOffset": 1811,
                        "endColumn": 100,
                        "endOffset": 1907
                    }
                }
            },
            {
                "to": {
                    "startLine": 19,
                    "startColumn": 4,
                    "startOffset": 1738,
                    "endColumn": 115,
                    "endOffset": 1849
                },
                "from": {
                    "file": "D:\\projects\\VirtualEyeDoc\\app\\build\\intermediates\\exploded-aar\\com.android.support\\appcompat-v7\\23.1.1\\res\\values-nb\\values-nb.xml",
                    "position": {
                        "startLine": 21,
                        "startColumn": 4,
                        "startOffset": 1912,
                        "endColumn": 115,
                        "endOffset": 2023
                    }
                }
            },
            {
                "to": {
                    "startLine": 20,
                    "startColumn": 4,
                    "startOffset": 1854,
                    "endColumn": 96,
                    "endOffset": 1946
                },
                "from": {
                    "file": "D:\\projects\\VirtualEyeDoc\\app\\build\\intermediates\\exploded-aar\\com.android.support\\appcompat-v7\\23.1.1\\res\\values-nb\\values-nb.xml",
                    "position": {
                        "startLine": 22,
                        "startColumn": 4,
                        "startOffset": 2028,
                        "endColumn": 96,
                        "endOffset": 2120
                    }
                }
            },
            {
                "to": {
                    "startLine": 21,
                    "startColumn": 4,
                    "startOffset": 1951,
                    "endColumn": 100,
                    "endOffset": 2047
                },
                "from": {
                    "file": "D:\\projects\\VirtualEyeDoc\\app\\build\\intermediates\\exploded-aar\\com.android.support\\appcompat-v7\\23.1.1\\res\\values-nb\\values-nb.xml",
                    "position": {
                        "startLine": 23,
                        "startColumn": 4,
                        "startOffset": 2125,
                        "endColumn": 100,
                        "endOffset": 2221
                    }
                }
            }
        ]
    },
    {
        "outputFile": "D:\\VirtualEyeDocFinal\\VirtualEyeDoc\\app\\build\\intermediates\\res\\merged\\debug\\values-nb\\values-nb.xml",
        "map": [
            {
                "to": {
                    "startLine": 2,
                    "startColumn": 4,
                    "startOffset": 55,
                    "endColumn": 107,
                    "endOffset": 158
                },
                "from": {
                    "file": "D:\\VirtualEyeDocFinal\\VirtualEyeDoc\\app\\build\\intermediates\\exploded-aar\\com.android.support\\appcompat-v7\\23.1.1\\res\\values-nb\\values-nb.xml",
                    "position": {
                        "startLine": 4,
                        "startColumn": 4,
                        "startOffset": 229,
                        "endColumn": 107,
                        "endOffset": 332
                    }
                }
            },
            {
                "to": {
                    "startLine": 3,
                    "startColumn": 4,
                    "startOffset": 163,
                    "endColumn": 108,
                    "endOffset": 267
                },
                "from": {
                    "file": "D:\\VirtualEyeDocFinal\\VirtualEyeDoc\\app\\build\\intermediates\\exploded-aar\\com.android.support\\appcompat-v7\\23.1.1\\res\\values-nb\\values-nb.xml",
                    "position": {
                        "startLine": 5,
                        "startColumn": 4,
                        "startOffset": 337,
                        "endColumn": 108,
                        "endOffset": 441
                    }
                }
            },
            {
                "to": {
                    "startLine": 4,
                    "startColumn": 4,
                    "startOffset": 272,
                    "endColumn": 124,
                    "endOffset": 392
                },
                "from": {
                    "file": "D:\\VirtualEyeDocFinal\\VirtualEyeDoc\\app\\build\\intermediates\\exploded-aar\\com.android.support\\appcompat-v7\\23.1.1\\res\\values-nb\\values-nb.xml",
                    "position": {
                        "startLine": 6,
                        "startColumn": 4,
                        "startOffset": 446,
                        "endColumn": 124,
                        "endOffset": 566
                    }
                }
            },
            {
                "to": {
                    "startLine": 5,
                    "startColumn": 4,
                    "startOffset": 397,
                    "endColumn": 94,
                    "endOffset": 487
                },
                "from": {
                    "file": "D:\\VirtualEyeDocFinal\\VirtualEyeDoc\\app\\build\\intermediates\\exploded-aar\\com.android.support\\appcompat-v7\\23.1.1\\res\\values-nb\\values-nb.xml",
                    "position": {
                        "startLine": 7,
                        "startColumn": 4,
                        "startOffset": 571,
                        "endColumn": 94,
                        "endOffset": 661
                    }
                }
            },
            {
                "to": {
                    "startLine": 6,
                    "startColumn": 4,
                    "startOffset": 492,
                    "endColumn": 113,
                    "endOffset": 601
                },
                "from": {
                    "file": "D:\\VirtualEyeDocFinal\\VirtualEyeDoc\\app\\build\\intermediates\\exploded-aar\\com.android.support\\appcompat-v7\\23.1.1\\res\\values-nb\\values-nb.xml",
                    "position": {
                        "startLine": 8,
                        "startColumn": 4,
                        "startOffset": 666,
                        "endColumn": 113,
                        "endOffset": 775
                    }
                }
            },
            {
                "to": {
                    "startLine": 7,
                    "startColumn": 4,
                    "startOffset": 606,
                    "endColumn": 85,
                    "endOffset": 687
                },
                "from": {
                    "file": "D:\\VirtualEyeDocFinal\\VirtualEyeDoc\\app\\build\\intermediates\\exploded-aar\\com.android.support\\appcompat-v7\\23.1.1\\res\\values-nb\\values-nb.xml",
                    "position": {
                        "startLine": 9,
                        "startColumn": 4,
                        "startOffset": 780,
                        "endColumn": 85,
                        "endOffset": 861
                    }
                }
            },
            {
                "to": {
                    "startLine": 8,
                    "startColumn": 4,
                    "startOffset": 692,
                    "endColumn": 99,
                    "endOffset": 787
                },
                "from": {
                    "file": "D:\\VirtualEyeDocFinal\\VirtualEyeDoc\\app\\build\\intermediates\\exploded-aar\\com.android.support\\appcompat-v7\\23.1.1\\res\\values-nb\\values-nb.xml",
                    "position": {
                        "startLine": 10,
                        "startColumn": 4,
                        "startOffset": 866,
                        "endColumn": 99,
                        "endOffset": 961
                    }
                }
            },
            {
                "to": {
                    "startLine": 9,
                    "startColumn": 4,
                    "startOffset": 792,
                    "endColumn": 112,
                    "endOffset": 900
                },
                "from": {
                    "file": "D:\\VirtualEyeDocFinal\\VirtualEyeDoc\\app\\build\\intermediates\\exploded-aar\\com.android.support\\appcompat-v7\\23.1.1\\res\\values-nb\\values-nb.xml",
                    "position": {
                        "startLine": 11,
                        "startColumn": 4,
                        "startOffset": 966,
                        "endColumn": 112,
                        "endOffset": 1074
                    }
                }
            },
            {
                "to": {
                    "startLine": 10,
                    "startColumn": 4,
                    "startOffset": 905,
                    "endColumn": 75,
                    "endOffset": 976
                },
                "from": {
                    "file": "D:\\VirtualEyeDocFinal\\VirtualEyeDoc\\app\\build\\intermediates\\exploded-aar\\com.android.support\\appcompat-v7\\23.1.1\\res\\values-nb\\values-nb.xml",
                    "position": {
                        "startLine": 12,
                        "startColumn": 4,
                        "startOffset": 1079,
                        "endColumn": 75,
                        "endOffset": 1150
                    }
                }
            },
            {
                "to": {
                    "startLine": 11,
                    "startColumn": 4,
                    "startOffset": 981,
                    "endColumn": 75,
                    "endOffset": 1052
                },
                "from": {
                    "file": "D:\\VirtualEyeDocFinal\\VirtualEyeDoc\\app\\build\\intermediates\\exploded-aar\\com.android.support\\appcompat-v7\\23.1.1\\res\\values-nb\\values-nb.xml",
                    "position": {
                        "startLine": 13,
                        "startColumn": 4,
                        "startOffset": 1155,
                        "endColumn": 75,
                        "endOffset": 1226
                    }
                }
            },
            {
                "to": {
                    "startLine": 12,
                    "startColumn": 4,
                    "startOffset": 1057,
                    "endColumn": 79,
                    "endOffset": 1132
                },
                "from": {
                    "file": "D:\\VirtualEyeDocFinal\\VirtualEyeDoc\\app\\build\\intermediates\\exploded-aar\\com.android.support\\appcompat-v7\\23.1.1\\res\\values-nb\\values-nb.xml",
                    "position": {
                        "startLine": 14,
                        "startColumn": 4,
                        "startOffset": 1231,
                        "endColumn": 79,
                        "endOffset": 1306
                    }
                }
            },
            {
                "to": {
                    "startLine": 13,
                    "startColumn": 4,
                    "startOffset": 1137,
                    "endColumn": 102,
                    "endOffset": 1235
                },
                "from": {
                    "file": "D:\\VirtualEyeDocFinal\\VirtualEyeDoc\\app\\build\\intermediates\\exploded-aar\\com.android.support\\appcompat-v7\\23.1.1\\res\\values-nb\\values-nb.xml",
                    "position": {
                        "startLine": 15,
                        "startColumn": 4,
                        "startOffset": 1311,
                        "endColumn": 102,
                        "endOffset": 1409
                    }
                }
            },
            {
                "to": {
                    "startLine": 14,
                    "startColumn": 4,
                    "startOffset": 1240,
                    "endColumn": 98,
                    "endOffset": 1334
                },
                "from": {
                    "file": "D:\\VirtualEyeDocFinal\\VirtualEyeDoc\\app\\build\\intermediates\\exploded-aar\\com.android.support\\appcompat-v7\\23.1.1\\res\\values-nb\\values-nb.xml",
                    "position": {
                        "startLine": 16,
                        "startColumn": 4,
                        "startOffset": 1414,
                        "endColumn": 98,
                        "endOffset": 1508
                    }
                }
            },
            {
                "to": {
                    "startLine": 15,
                    "startColumn": 4,
                    "startOffset": 1339,
                    "endColumn": 95,
                    "endOffset": 1430
                },
                "from": {
                    "file": "D:\\VirtualEyeDocFinal\\VirtualEyeDoc\\app\\build\\intermediates\\exploded-aar\\com.android.support\\appcompat-v7\\23.1.1\\res\\values-nb\\values-nb.xml",
                    "position": {
                        "startLine": 17,
                        "startColumn": 4,
                        "startOffset": 1513,
                        "endColumn": 95,
                        "endOffset": 1604
                    }
                }
            },
            {
                "to": {
                    "startLine": 16,
                    "startColumn": 4,
                    "startOffset": 1435,
                    "endColumn": 103,
                    "endOffset": 1534
                },
                "from": {
                    "file": "D:\\VirtualEyeDocFinal\\VirtualEyeDoc\\app\\build\\intermediates\\exploded-aar\\com.android.support\\appcompat-v7\\23.1.1\\res\\values-nb\\values-nb.xml",
                    "position": {
                        "startLine": 18,
                        "startColumn": 4,
                        "startOffset": 1609,
                        "endColumn": 103,
                        "endOffset": 1708
                    }
                }
            },
            {
                "to": {
                    "startLine": 17,
                    "startColumn": 4,
                    "startOffset": 1539,
                    "endColumn": 97,
                    "endOffset": 1632
                },
                "from": {
                    "file": "D:\\VirtualEyeDocFinal\\VirtualEyeDoc\\app\\build\\intermediates\\exploded-aar\\com.android.support\\appcompat-v7\\23.1.1\\res\\values-nb\\values-nb.xml",
                    "position": {
                        "startLine": 19,
                        "startColumn": 4,
                        "startOffset": 1713,
                        "endColumn": 97,
                        "endOffset": 1806
                    }
                }
            },
            {
                "to": {
                    "startLine": 18,
                    "startColumn": 4,
                    "startOffset": 1637,
                    "endColumn": 100,
                    "endOffset": 1733
                },
                "from": {
                    "file": "D:\\VirtualEyeDocFinal\\VirtualEyeDoc\\app\\build\\intermediates\\exploded-aar\\com.android.support\\appcompat-v7\\23.1.1\\res\\values-nb\\values-nb.xml",
                    "position": {
                        "startLine": 20,
                        "startColumn": 4,
                        "startOffset": 1811,
                        "endColumn": 100,
                        "endOffset": 1907
                    }
                }
            },
            {
                "to": {
                    "startLine": 19,
                    "startColumn": 4,
                    "startOffset": 1738,
                    "endColumn": 115,
                    "endOffset": 1849
                },
                "from": {
                    "file": "D:\\VirtualEyeDocFinal\\VirtualEyeDoc\\app\\build\\intermediates\\exploded-aar\\com.android.support\\appcompat-v7\\23.1.1\\res\\values-nb\\values-nb.xml",
                    "position": {
                        "startLine": 21,
                        "startColumn": 4,
                        "startOffset": 1912,
                        "endColumn": 115,
                        "endOffset": 2023
                    }
                }
            },
            {
                "to": {
                    "startLine": 20,
                    "startColumn": 4,
                    "startOffset": 1854,
                    "endColumn": 96,
                    "endOffset": 1946
                },
                "from": {
                    "file": "D:\\VirtualEyeDocFinal\\VirtualEyeDoc\\app\\build\\intermediates\\exploded-aar\\com.android.support\\appcompat-v7\\23.1.1\\res\\values-nb\\values-nb.xml",
                    "position": {
                        "startLine": 22,
                        "startColumn": 4,
                        "startOffset": 2028,
                        "endColumn": 96,
                        "endOffset": 2120
                    }
                }
            },
            {
                "to": {
                    "startLine": 21,
                    "startColumn": 4,
                    "startOffset": 1951,
                    "endColumn": 100,
                    "endOffset": 2047
                },
                "from": {
                    "file": "D:\\VirtualEyeDocFinal\\VirtualEyeDoc\\app\\build\\intermediates\\exploded-aar\\com.android.support\\appcompat-v7\\23.1.1\\res\\values-nb\\values-nb.xml",
                    "position": {
                        "startLine": 23,
                        "startColumn": 4,
                        "startOffset": 2125,
                        "endColumn": 100,
                        "endOffset": 2221
                    }
                }
            }
        ]
    }
]