[
    {
        "outputFile": "D:\\projects\\VirtualEyeDoc\\app\\build\\intermediates\\res\\merged\\debug\\values-pa-rIN\\values-pa-rIN.xml",
        "map": [
            {
                "to": {
                    "startLine": 2,
                    "startColumn": 4,
                    "startOffset": 55,
                    "endColumn": 105,
                    "endOffset": 156
                },
                "from": {
                    "file": "D:\\projects\\VirtualEyeDoc\\app\\build\\intermediates\\exploded-aar\\com.android.support\\appcompat-v7\\23.1.1\\res\\values-pa-rIN\\values-pa-rIN.xml",
                    "position": {
                        "startLine": 4,
                        "startColumn": 4,
                        "startOffset": 233,
                        "endColumn": 105,
                        "endOffset": 334
                    }
                }
            },
            {
                "to": {
                    "startLine": 3,
                    "startColumn": 4,
                    "startOffset": 161,
                    "endColumn": 107,
                    "endOffset": 264
                },
                "from": {
                    "file": "D:\\projects\\VirtualEyeDoc\\app\\build\\intermediates\\exploded-aar\\com.android.support\\appcompat-v7\\23.1.1\\res\\values-pa-rIN\\values-pa-rIN.xml",
                    "position": {
                        "startLine": 5,
                        "startColumn": 4,
                        "startOffset": 339,
                        "endColumn": 107,
                        "endOffset": 442
                    }
                }
            },
            {
                "to": {
                    "startLine": 4,
                    "startColumn": 4,
                    "startOffset": 269,
                    "endColumn": 122,
                    "endOffset": 387
                },
                "from": {
                    "file": "D:\\projects\\VirtualEyeDoc\\app\\build\\intermediates\\exploded-aar\\com.android.support\\appcompat-v7\\23.1.1\\res\\values-pa-rIN\\values-pa-rIN.xml",
                    "position": {
                        "startLine": 6,
                        "startColumn": 4,
                        "startOffset": 447,
                        "endColumn": 122,
                        "endOffset": 565
                    }
                }
            },
            {
                "to": {
                    "startLine": 5,
                    "startColumn": 4,
                    "startOffset": 392,
                    "endColumn": 104,
                    "endOffset": 492
                },
                "from": {
                    "file": "D:\\projects\\VirtualEyeDoc\\app\\build\\intermediates\\exploded-aar\\com.android.support\\appcompat-v7\\23.1.1\\res\\values-pa-rIN\\values-pa-rIN.xml",
                    "position": {
                        "startLine": 7,
                        "startColumn": 4,
                        "startOffset": 570,
                        "endColumn": 104,
                        "endOffset": 670
                    }
                }
            },
            {
                "to": {
                    "startLine": 6,
                    "startColumn": 4,
                    "startOffset": 497,
                    "endColumn": 104,
                    "endOffset": 597
                },
                "from": {
                    "file": "D:\\projects\\VirtualEyeDoc\\app\\build\\intermediates\\exploded-aar\\com.android.support\\appcompat-v7\\23.1.1\\res\\values-pa-rIN\\values-pa-rIN.xml",
                    "position": {
                        "startLine": 8,
                        "startColumn": 4,
                        "startOffset": 675,
                        "endColumn": 104,
                        "endOffset": 775
                    }
                }
            },
            {
                "to": {
                    "startLine": 7,
                    "startColumn": 4,
                    "startOffset": 602,
                    "endColumn": 85,
                    "endOffset": 683
                },
                "from": {
                    "file": "D:\\projects\\VirtualEyeDoc\\app\\build\\intermediates\\exploded-aar\\com.android.support\\appcompat-v7\\23.1.1\\res\\values-pa-rIN\\values-pa-rIN.xml",
                    "position": {
                        "startLine": 9,
                        "startColumn": 4,
                        "startOffset": 780,
                        "endColumn": 85,
                        "endOffset": 861
                    }
                }
            },
            {
                "to": {
                    "startLine": 8,
                    "startColumn": 4,
                    "startOffset": 688,
                    "endColumn": 99,
                    "endOffset": 783
                },
                "from": {
                    "file": "D:\\projects\\VirtualEyeDoc\\app\\build\\intermediates\\exploded-aar\\com.android.support\\appcompat-v7\\23.1.1\\res\\values-pa-rIN\\values-pa-rIN.xml",
                    "position": {
                        "startLine": 10,
                        "startColumn": 4,
                        "startOffset": 866,
                        "endColumn": 99,
                        "endOffset": 961
                    }
                }
            },
            {
                "to": {
                    "startLine": 9,
                    "startColumn": 4,
                    "startOffset": 788,
                    "endColumn": 112,
                    "endOffset": 896
                },
                "from": {
                    "file": "D:\\projects\\VirtualEyeDoc\\app\\build\\intermediates\\exploded-aar\\com.android.support\\appcompat-v7\\23.1.1\\res\\values-pa-rIN\\values-pa-rIN.xml",
                    "position": {
                        "startLine": 11,
                        "startColumn": 4,
                        "startOffset": 966,
                        "endColumn": 112,
                        "endOffset": 1074
                    }
                }
            },
            {
                "to": {
                    "startLine": 10,
                    "startColumn": 4,
                    "startOffset": 901,
                    "endColumn": 76,
                    "endOffset": 973
                },
                "from": {
                    "file": "D:\\projects\\VirtualEyeDoc\\app\\build\\intermediates\\exploded-aar\\com.android.support\\appcompat-v7\\23.1.1\\res\\values-pa-rIN\\values-pa-rIN.xml",
                    "position": {
                        "startLine": 12,
                        "startColumn": 4,
                        "startOffset": 1079,
                        "endColumn": 76,
                        "endOffset": 1151
                    }
                }
            },
            {
                "to": {
                    "startLine": 11,
                    "startColumn": 4,
                    "startOffset": 978,
                    "endColumn": 75,
                    "endOffset": 1049
                },
                "from": {
                    "file": "D:\\projects\\VirtualEyeDoc\\app\\build\\intermediates\\exploded-aar\\com.android.support\\appcompat-v7\\23.1.1\\res\\values-pa-rIN\\values-pa-rIN.xml",
                    "position": {
                        "startLine": 13,
                        "startColumn": 4,
                        "startOffset": 1156,
                        "endColumn": 75,
                        "endOffset": 1227
                    }
                }
            },
            {
                "to": {
                    "startLine": 12,
                    "startColumn": 4,
                    "startOffset": 1054,
                    "endColumn": 78,
                    "endOffset": 1128
                },
                "from": {
                    "file": "D:\\projects\\VirtualEyeDoc\\app\\build\\intermediates\\exploded-aar\\com.android.support\\appcompat-v7\\23.1.1\\res\\values-pa-rIN\\values-pa-rIN.xml",
                    "position": {
                        "startLine": 14,
                        "startColumn": 4,
                        "startOffset": 1232,
                        "endColumn": 78,
                        "endOffset": 1306
                    }
                }
            },
            {
                "to": {
                    "startLine": 13,
                    "startColumn": 4,
                    "startOffset": 1133,
                    "endColumn": 100,
                    "endOffset": 1229
                },
                "from": {
                    "file": "D:\\projects\\VirtualEyeDoc\\app\\build\\intermediates\\exploded-aar\\com.android.support\\appcompat-v7\\23.1.1\\res\\values-pa-rIN\\values-pa-rIN.xml",
                    "position": {
                        "startLine": 15,
                        "startColumn": 4,
                        "startOffset": 1311,
                        "endColumn": 100,
                        "endOffset": 1407
                    }
                }
            },
            {
                "to": {
                    "startLine": 14,
                    "startColumn": 4,
                    "startOffset": 1234,
                    "endColumn": 100,
                    "endOffset": 1330
                },
                "from": {
                    "file": "D:\\projects\\VirtualEyeDoc\\app\\build\\intermediates\\exploded-aar\\com.android.support\\appcompat-v7\\23.1.1\\res\\values-pa-rIN\\values-pa-rIN.xml",
                    "position": {
                        "startLine": 16,
                        "startColumn": 4,
                        "startOffset": 1412,
                        "endColumn": 100,
                        "endOffset": 1508
                    }
                }
            },
            {
                "to": {
                    "startLine": 15,
                    "startColumn": 4,
                    "startOffset": 1335,
                    "endColumn": 96,
                    "endOffset": 1427
                },
                "from": {
                    "file": "D:\\projects\\VirtualEyeDoc\\app\\build\\intermediates\\exploded-aar\\com.android.support\\appcompat-v7\\23.1.1\\res\\values-pa-rIN\\values-pa-rIN.xml",
                    "position": {
                        "startLine": 17,
                        "startColumn": 4,
                        "startOffset": 1513,
                        "endColumn": 96,
                        "endOffset": 1605
                    }
                }
            },
            {
                "to": {
                    "startLine": 16,
                    "startColumn": 4,
                    "startOffset": 1432,
                    "endColumn": 108,
                    "endOffset": 1536
                },
                "from": {
                    "file": "D:\\projects\\VirtualEyeDoc\\app\\build\\intermediates\\exploded-aar\\com.android.support\\appcompat-v7\\23.1.1\\res\\values-pa-rIN\\values-pa-rIN.xml",
                    "position": {
                        "startLine": 18,
                        "startColumn": 4,
                        "startOffset": 1610,
                        "endColumn": 108,
                        "endOffset": 1714
                    }
                }
            },
            {
                "to": {
                    "startLine": 17,
                    "startColumn": 4,
                    "startOffset": 1541,
                    "endColumn": 98,
                    "endOffset": 1635
                },
                "from": {
                    "file": "D:\\projects\\VirtualEyeDoc\\app\\build\\intermediates\\exploded-aar\\com.android.support\\appcompat-v7\\23.1.1\\res\\values-pa-rIN\\values-pa-rIN.xml",
                    "position": {
                        "startLine": 19,
                        "startColumn": 4,
                        "startOffset": 1719,
                        "endColumn": 98,
                        "endOffset": 1813
                    }
                }
            },
            {
                "to": {
                    "startLine": 18,
                    "startColumn": 4,
                    "startOffset": 1640,
                    "endColumn": 109,
                    "endOffset": 1745
                },
                "from": {
                    "file": "D:\\projects\\VirtualEyeDoc\\app\\build\\intermediates\\exploded-aar\\com.android.support\\appcompat-v7\\23.1.1\\res\\values-pa-rIN\\values-pa-rIN.xml",
                    "position": {
                        "startLine": 20,
                        "startColumn": 4,
                        "startOffset": 1818,
                        "endColumn": 109,
                        "endOffset": 1923
                    }
                }
            },
            {
                "to": {
                    "startLine": 19,
                    "startColumn": 4,
                    "startOffset": 1750,
                    "endColumn": 121,
                    "endOffset": 1867
                },
                "from": {
                    "file": "D:\\projects\\VirtualEyeDoc\\app\\build\\intermediates\\exploded-aar\\com.android.support\\appcompat-v7\\23.1.1\\res\\values-pa-rIN\\values-pa-rIN.xml",
                    "position": {
                        "startLine": 21,
                        "startColumn": 4,
                        "startOffset": 1928,
                        "endColumn": 121,
                        "endOffset": 2045
                    }
                }
            },
            {
                "to": {
                    "startLine": 20,
                    "startColumn": 4,
                    "startOffset": 1872,
                    "endColumn": 99,
                    "endOffset": 1967
                },
                "from": {
                    "file": "D:\\projects\\VirtualEyeDoc\\app\\build\\intermediates\\exploded-aar\\com.android.support\\appcompat-v7\\23.1.1\\res\\values-pa-rIN\\values-pa-rIN.xml",
                    "position": {
                        "startLine": 22,
                        "startColumn": 4,
                        "startOffset": 2050,
                        "endColumn": 99,
                        "endOffset": 2145
                    }
                }
            },
            {
                "to": {
                    "startLine": 21,
                    "startColumn": 4,
                    "startOffset": 1972,
                    "endColumn": 100,
                    "endOffset": 2068
                },
                "from": {
                    "file": "D:\\projects\\VirtualEyeDoc\\app\\build\\intermediates\\exploded-aar\\com.android.support\\appcompat-v7\\23.1.1\\res\\values-pa-rIN\\values-pa-rIN.xml",
                    "position": {
                        "startLine": 23,
                        "startColumn": 4,
                        "startOffset": 2150,
                        "endColumn": 100,
                        "endOffset": 2246
                    }
                }
            }
        ]
    },
    {
        "outputFile": "C:\\Users\\Shaborni\\AndroidStudioProjects\\VirtualEyeDoc\\app\\build\\intermediates\\res\\merged\\debug\\values-pa-rIN\\values-pa-rIN.xml",
        "map": [
            {
                "to": {
                    "startLine": 2,
                    "startColumn": 4,
                    "startOffset": 55,
                    "endColumn": 105,
                    "endOffset": 156
                },
                "from": {
                    "file": "C:\\Users\\Shaborni\\AndroidStudioProjects\\VirtualEyeDoc\\app\\build\\intermediates\\exploded-aar\\com.android.support\\appcompat-v7\\23.1.1\\res\\values-pa-rIN\\values-pa-rIN.xml",
                    "position": {
                        "startLine": 4,
                        "startColumn": 4,
                        "startOffset": 233,
                        "endColumn": 105,
                        "endOffset": 334
                    }
                }
            },
            {
                "to": {
                    "startLine": 3,
                    "startColumn": 4,
                    "startOffset": 161,
                    "endColumn": 107,
                    "endOffset": 264
                },
                "from": {
                    "file": "C:\\Users\\Shaborni\\AndroidStudioProjects\\VirtualEyeDoc\\app\\build\\intermediates\\exploded-aar\\com.android.support\\appcompat-v7\\23.1.1\\res\\values-pa-rIN\\values-pa-rIN.xml",
                    "position": {
                        "startLine": 5,
                        "startColumn": 4,
                        "startOffset": 339,
                        "endColumn": 107,
                        "endOffset": 442
                    }
                }
            },
            {
                "to": {
                    "startLine": 4,
                    "startColumn": 4,
                    "startOffset": 269,
                    "endColumn": 122,
                    "endOffset": 387
                },
                "from": {
                    "file": "C:\\Users\\Shaborni\\AndroidStudioProjects\\VirtualEyeDoc\\app\\build\\intermediates\\exploded-aar\\com.android.support\\appcompat-v7\\23.1.1\\res\\values-pa-rIN\\values-pa-rIN.xml",
                    "position": {
                        "startLine": 6,
                        "startColumn": 4,
                        "startOffset": 447,
                        "endColumn": 122,
                        "endOffset": 565
                    }
                }
            },
            {
                "to": {
                    "startLine": 5,
                    "startColumn": 4,
                    "startOffset": 392,
                    "endColumn": 104,
                    "endOffset": 492
                },
                "from": {
                    "file": "C:\\Users\\Shaborni\\AndroidStudioProjects\\VirtualEyeDoc\\app\\build\\intermediates\\exploded-aar\\com.android.support\\appcompat-v7\\23.1.1\\res\\values-pa-rIN\\values-pa-rIN.xml",
                    "position": {
                        "startLine": 7,
                        "startColumn": 4,
                        "startOffset": 570,
                        "endColumn": 104,
                        "endOffset": 670
                    }
                }
            },
            {
                "to": {
                    "startLine": 6,
                    "startColumn": 4,
                    "startOffset": 497,
                    "endColumn": 104,
                    "endOffset": 597
                },
                "from": {
                    "file": "C:\\Users\\Shaborni\\AndroidStudioProjects\\VirtualEyeDoc\\app\\build\\intermediates\\exploded-aar\\com.android.support\\appcompat-v7\\23.1.1\\res\\values-pa-rIN\\values-pa-rIN.xml",
                    "position": {
                        "startLine": 8,
                        "startColumn": 4,
                        "startOffset": 675,
                        "endColumn": 104,
                        "endOffset": 775
                    }
                }
            },
            {
                "to": {
                    "startLine": 7,
                    "startColumn": 4,
                    "startOffset": 602,
                    "endColumn": 85,
                    "endOffset": 683
                },
                "from": {
                    "file": "C:\\Users\\Shaborni\\AndroidStudioProjects\\VirtualEyeDoc\\app\\build\\intermediates\\exploded-aar\\com.android.support\\appcompat-v7\\23.1.1\\res\\values-pa-rIN\\values-pa-rIN.xml",
                    "position": {
                        "startLine": 9,
                        "startColumn": 4,
                        "startOffset": 780,
                        "endColumn": 85,
                        "endOffset": 861
                    }
                }
            },
            {
                "to": {
                    "startLine": 8,
                    "startColumn": 4,
                    "startOffset": 688,
                    "endColumn": 99,
                    "endOffset": 783
                },
                "from": {
                    "file": "C:\\Users\\Shaborni\\AndroidStudioProjects\\VirtualEyeDoc\\app\\build\\intermediates\\exploded-aar\\com.android.support\\appcompat-v7\\23.1.1\\res\\values-pa-rIN\\values-pa-rIN.xml",
                    "position": {
                        "startLine": 10,
                        "startColumn": 4,
                        "startOffset": 866,
                        "endColumn": 99,
                        "endOffset": 961
                    }
                }
            },
            {
                "to": {
                    "startLine": 9,
                    "startColumn": 4,
                    "startOffset": 788,
                    "endColumn": 112,
                    "endOffset": 896
                },
                "from": {
                    "file": "C:\\Users\\Shaborni\\AndroidStudioProjects\\VirtualEyeDoc\\app\\build\\intermediates\\exploded-aar\\com.android.support\\appcompat-v7\\23.1.1\\res\\values-pa-rIN\\values-pa-rIN.xml",
                    "position": {
                        "startLine": 11,
                        "startColumn": 4,
                        "startOffset": 966,
                        "endColumn": 112,
                        "endOffset": 1074
                    }
                }
            },
            {
                "to": {
                    "startLine": 10,
                    "startColumn": 4,
                    "startOffset": 901,
                    "endColumn": 76,
                    "endOffset": 973
                },
                "from": {
                    "file": "C:\\Users\\Shaborni\\AndroidStudioProjects\\VirtualEyeDoc\\app\\build\\intermediates\\exploded-aar\\com.android.support\\appcompat-v7\\23.1.1\\res\\values-pa-rIN\\values-pa-rIN.xml",
                    "position": {
                        "startLine": 12,
                        "startColumn": 4,
                        "startOffset": 1079,
                        "endColumn": 76,
                        "endOffset": 1151
                    }
                }
            },
            {
                "to": {
                    "startLine": 11,
                    "startColumn": 4,
                    "startOffset": 978,
                    "endColumn": 75,
                    "endOffset": 1049
                },
                "from": {
                    "file": "C:\\Users\\Shaborni\\AndroidStudioProjects\\VirtualEyeDoc\\app\\build\\intermediates\\exploded-aar\\com.android.support\\appcompat-v7\\23.1.1\\res\\values-pa-rIN\\values-pa-rIN.xml",
                    "position": {
                        "startLine": 13,
                        "startColumn": 4,
                        "startOffset": 1156,
                        "endColumn": 75,
                        "endOffset": 1227
                    }
                }
            },
            {
                "to": {
                    "startLine": 12,
                    "startColumn": 4,
                    "startOffset": 1054,
                    "endColumn": 78,
                    "endOffset": 1128
                },
                "from": {
                    "file": "C:\\Users\\Shaborni\\AndroidStudioProjects\\VirtualEyeDoc\\app\\build\\intermediates\\exploded-aar\\com.android.support\\appcompat-v7\\23.1.1\\res\\values-pa-rIN\\values-pa-rIN.xml",
                    "position": {
                        "startLine": 14,
                        "startColumn": 4,
                        "startOffset": 1232,
                        "endColumn": 78,
                        "endOffset": 1306
                    }
                }
            },
            {
                "to": {
                    "startLine": 13,
                    "startColumn": 4,
                    "startOffset": 1133,
                    "endColumn": 100,
                    "endOffset": 1229
                },
                "from": {
                    "file": "C:\\Users\\Shaborni\\AndroidStudioProjects\\VirtualEyeDoc\\app\\build\\intermediates\\exploded-aar\\com.android.support\\appcompat-v7\\23.1.1\\res\\values-pa-rIN\\values-pa-rIN.xml",
                    "position": {
                        "startLine": 15,
                        "startColumn": 4,
                        "startOffset": 1311,
                        "endColumn": 100,
                        "endOffset": 1407
                    }
                }
            },
            {
                "to": {
                    "startLine": 14,
                    "startColumn": 4,
                    "startOffset": 1234,
                    "endColumn": 100,
                    "endOffset": 1330
                },
                "from": {
                    "file": "C:\\Users\\Shaborni\\AndroidStudioProjects\\VirtualEyeDoc\\app\\build\\intermediates\\exploded-aar\\com.android.support\\appcompat-v7\\23.1.1\\res\\values-pa-rIN\\values-pa-rIN.xml",
                    "position": {
                        "startLine": 16,
                        "startColumn": 4,
                        "startOffset": 1412,
                        "endColumn": 100,
                        "endOffset": 1508
                    }
                }
            },
            {
                "to": {
                    "startLine": 15,
                    "startColumn": 4,
                    "startOffset": 1335,
                    "endColumn": 96,
                    "endOffset": 1427
                },
                "from": {
                    "file": "C:\\Users\\Shaborni\\AndroidStudioProjects\\VirtualEyeDoc\\app\\build\\intermediates\\exploded-aar\\com.android.support\\appcompat-v7\\23.1.1\\res\\values-pa-rIN\\values-pa-rIN.xml",
                    "position": {
                        "startLine": 17,
                        "startColumn": 4,
                        "startOffset": 1513,
                        "endColumn": 96,
                        "endOffset": 1605
                    }
                }
            },
            {
                "to": {
                    "startLine": 16,
                    "startColumn": 4,
                    "startOffset": 1432,
                    "endColumn": 108,
                    "endOffset": 1536
                },
                "from": {
                    "file": "C:\\Users\\Shaborni\\AndroidStudioProjects\\VirtualEyeDoc\\app\\build\\intermediates\\exploded-aar\\com.android.support\\appcompat-v7\\23.1.1\\res\\values-pa-rIN\\values-pa-rIN.xml",
                    "position": {
                        "startLine": 18,
                        "startColumn": 4,
                        "startOffset": 1610,
                        "endColumn": 108,
                        "endOffset": 1714
                    }
                }
            },
            {
                "to": {
                    "startLine": 17,
                    "startColumn": 4,
                    "startOffset": 1541,
                    "endColumn": 98,
                    "endOffset": 1635
                },
                "from": {
                    "file": "C:\\Users\\Shaborni\\AndroidStudioProjects\\VirtualEyeDoc\\app\\build\\intermediates\\exploded-aar\\com.android.support\\appcompat-v7\\23.1.1\\res\\values-pa-rIN\\values-pa-rIN.xml",
                    "position": {
                        "startLine": 19,
                        "startColumn": 4,
                        "startOffset": 1719,
                        "endColumn": 98,
                        "endOffset": 1813
                    }
                }
            },
            {
                "to": {
                    "startLine": 18,
                    "startColumn": 4,
                    "startOffset": 1640,
                    "endColumn": 109,
                    "endOffset": 1745
                },
                "from": {
                    "file": "C:\\Users\\Shaborni\\AndroidStudioProjects\\VirtualEyeDoc\\app\\build\\intermediates\\exploded-aar\\com.android.support\\appcompat-v7\\23.1.1\\res\\values-pa-rIN\\values-pa-rIN.xml",
                    "position": {
                        "startLine": 20,
                        "startColumn": 4,
                        "startOffset": 1818,
                        "endColumn": 109,
                        "endOffset": 1923
                    }
                }
            },
            {
                "to": {
                    "startLine": 19,
                    "startColumn": 4,
                    "startOffset": 1750,
                    "endColumn": 121,
                    "endOffset": 1867
                },
                "from": {
                    "file": "C:\\Users\\Shaborni\\AndroidStudioProjects\\VirtualEyeDoc\\app\\build\\intermediates\\exploded-aar\\com.android.support\\appcompat-v7\\23.1.1\\res\\values-pa-rIN\\values-pa-rIN.xml",
                    "position": {
                        "startLine": 21,
                        "startColumn": 4,
                        "startOffset": 1928,
                        "endColumn": 121,
                        "endOffset": 2045
                    }
                }
            },
            {
                "to": {
                    "startLine": 20,
                    "startColumn": 4,
                    "startOffset": 1872,
                    "endColumn": 99,
                    "endOffset": 1967
                },
                "from": {
                    "file": "C:\\Users\\Shaborni\\AndroidStudioProjects\\VirtualEyeDoc\\app\\build\\intermediates\\exploded-aar\\com.android.support\\appcompat-v7\\23.1.1\\res\\values-pa-rIN\\values-pa-rIN.xml",
                    "position": {
                        "startLine": 22,
                        "startColumn": 4,
                        "startOffset": 2050,
                        "endColumn": 99,
                        "endOffset": 2145
                    }
                }
            },
            {
                "to": {
                    "startLine": 21,
                    "startColumn": 4,
                    "startOffset": 1972,
                    "endColumn": 100,
                    "endOffset": 2068
                },
                "from": {
                    "file": "C:\\Users\\Shaborni\\AndroidStudioProjects\\VirtualEyeDoc\\app\\build\\intermediates\\exploded-aar\\com.android.support\\appcompat-v7\\23.1.1\\res\\values-pa-rIN\\values-pa-rIN.xml",
                    "position": {
                        "startLine": 23,
                        "startColumn": 4,
                        "startOffset": 2150,
                        "endColumn": 100,
                        "endOffset": 2246
                    }
                }
            }
        ]
    },
    {
        "outputFile": "C:\\Users\\ASUS\\Desktop\\VirtualEyeDoc\\app\\build\\intermediates\\res\\merged\\debug\\values-pa-rIN\\values-pa-rIN.xml",
        "map": [
            {
                "to": {
                    "startLine": 2,
                    "startColumn": 4,
                    "startOffset": 55,
                    "endColumn": 105,
                    "endOffset": 156
                },
                "from": {
                    "file": "C:\\Users\\ASUS\\Desktop\\VirtualEyeDoc\\app\\build\\intermediates\\exploded-aar\\com.android.support\\appcompat-v7\\23.1.1\\res\\values-pa-rIN\\values-pa-rIN.xml",
                    "position": {
                        "startLine": 4,
                        "startColumn": 4,
                        "startOffset": 233,
                        "endColumn": 105,
                        "endOffset": 334
                    }
                }
            },
            {
                "to": {
                    "startLine": 3,
                    "startColumn": 4,
                    "startOffset": 161,
                    "endColumn": 107,
                    "endOffset": 264
                },
                "from": {
                    "file": "C:\\Users\\ASUS\\Desktop\\VirtualEyeDoc\\app\\build\\intermediates\\exploded-aar\\com.android.support\\appcompat-v7\\23.1.1\\res\\values-pa-rIN\\values-pa-rIN.xml",
                    "position": {
                        "startLine": 5,
                        "startColumn": 4,
                        "startOffset": 339,
                        "endColumn": 107,
                        "endOffset": 442
                    }
                }
            },
            {
                "to": {
                    "startLine": 4,
                    "startColumn": 4,
                    "startOffset": 269,
                    "endColumn": 122,
                    "endOffset": 387
                },
                "from": {
                    "file": "C:\\Users\\ASUS\\Desktop\\VirtualEyeDoc\\app\\build\\intermediates\\exploded-aar\\com.android.support\\appcompat-v7\\23.1.1\\res\\values-pa-rIN\\values-pa-rIN.xml",
                    "position": {
                        "startLine": 6,
                        "startColumn": 4,
                        "startOffset": 447,
                        "endColumn": 122,
                        "endOffset": 565
                    }
                }
            },
            {
                "to": {
                    "startLine": 5,
                    "startColumn": 4,
                    "startOffset": 392,
                    "endColumn": 104,
                    "endOffset": 492
                },
                "from": {
                    "file": "C:\\Users\\ASUS\\Desktop\\VirtualEyeDoc\\app\\build\\intermediates\\exploded-aar\\com.android.support\\appcompat-v7\\23.1.1\\res\\values-pa-rIN\\values-pa-rIN.xml",
                    "position": {
                        "startLine": 7,
                        "startColumn": 4,
                        "startOffset": 570,
                        "endColumn": 104,
                        "endOffset": 670
                    }
                }
            },
            {
                "to": {
                    "startLine": 6,
                    "startColumn": 4,
                    "startOffset": 497,
                    "endColumn": 104,
                    "endOffset": 597
                },
                "from": {
                    "file": "C:\\Users\\ASUS\\Desktop\\VirtualEyeDoc\\app\\build\\intermediates\\exploded-aar\\com.android.support\\appcompat-v7\\23.1.1\\res\\values-pa-rIN\\values-pa-rIN.xml",
                    "position": {
                        "startLine": 8,
                        "startColumn": 4,
                        "startOffset": 675,
                        "endColumn": 104,
                        "endOffset": 775
                    }
                }
            },
            {
                "to": {
                    "startLine": 7,
                    "startColumn": 4,
                    "startOffset": 602,
                    "endColumn": 85,
                    "endOffset": 683
                },
                "from": {
                    "file": "C:\\Users\\ASUS\\Desktop\\VirtualEyeDoc\\app\\build\\intermediates\\exploded-aar\\com.android.support\\appcompat-v7\\23.1.1\\res\\values-pa-rIN\\values-pa-rIN.xml",
                    "position": {
                        "startLine": 9,
                        "startColumn": 4,
                        "startOffset": 780,
                        "endColumn": 85,
                        "endOffset": 861
                    }
                }
            },
            {
                "to": {
                    "startLine": 8,
                    "startColumn": 4,
                    "startOffset": 688,
                    "endColumn": 99,
                    "endOffset": 783
                },
                "from": {
                    "file": "C:\\Users\\ASUS\\Desktop\\VirtualEyeDoc\\app\\build\\intermediates\\exploded-aar\\com.android.support\\appcompat-v7\\23.1.1\\res\\values-pa-rIN\\values-pa-rIN.xml",
                    "position": {
                        "startLine": 10,
                        "startColumn": 4,
                        "startOffset": 866,
                        "endColumn": 99,
                        "endOffset": 961
                    }
                }
            },
            {
                "to": {
                    "startLine": 9,
                    "startColumn": 4,
                    "startOffset": 788,
                    "endColumn": 112,
                    "endOffset": 896
                },
                "from": {
                    "file": "C:\\Users\\ASUS\\Desktop\\VirtualEyeDoc\\app\\build\\intermediates\\exploded-aar\\com.android.support\\appcompat-v7\\23.1.1\\res\\values-pa-rIN\\values-pa-rIN.xml",
                    "position": {
                        "startLine": 11,
                        "startColumn": 4,
                        "startOffset": 966,
                        "endColumn": 112,
                        "endOffset": 1074
                    }
                }
            },
            {
                "to": {
                    "startLine": 10,
                    "startColumn": 4,
                    "startOffset": 901,
                    "endColumn": 76,
                    "endOffset": 973
                },
                "from": {
                    "file": "C:\\Users\\ASUS\\Desktop\\VirtualEyeDoc\\app\\build\\intermediates\\exploded-aar\\com.android.support\\appcompat-v7\\23.1.1\\res\\values-pa-rIN\\values-pa-rIN.xml",
                    "position": {
                        "startLine": 12,
                        "startColumn": 4,
                        "startOffset": 1079,
                        "endColumn": 76,
                        "endOffset": 1151
                    }
                }
            },
            {
                "to": {
                    "startLine": 11,
                    "startColumn": 4,
                    "startOffset": 978,
                    "endColumn": 75,
                    "endOffset": 1049
                },
                "from": {
                    "file": "C:\\Users\\ASUS\\Desktop\\VirtualEyeDoc\\app\\build\\intermediates\\exploded-aar\\com.android.support\\appcompat-v7\\23.1.1\\res\\values-pa-rIN\\values-pa-rIN.xml",
                    "position": {
                        "startLine": 13,
                        "startColumn": 4,
                        "startOffset": 1156,
                        "endColumn": 75,
                        "endOffset": 1227
                    }
                }
            },
            {
                "to": {
                    "startLine": 12,
                    "startColumn": 4,
                    "startOffset": 1054,
                    "endColumn": 78,
                    "endOffset": 1128
                },
                "from": {
                    "file": "C:\\Users\\ASUS\\Desktop\\VirtualEyeDoc\\app\\build\\intermediates\\exploded-aar\\com.android.support\\appcompat-v7\\23.1.1\\res\\values-pa-rIN\\values-pa-rIN.xml",
                    "position": {
                        "startLine": 14,
                        "startColumn": 4,
                        "startOffset": 1232,
                        "endColumn": 78,
                        "endOffset": 1306
                    }
                }
            },
            {
                "to": {
                    "startLine": 13,
                    "startColumn": 4,
                    "startOffset": 1133,
                    "endColumn": 100,
                    "endOffset": 1229
                },
                "from": {
                    "file": "C:\\Users\\ASUS\\Desktop\\VirtualEyeDoc\\app\\build\\intermediates\\exploded-aar\\com.android.support\\appcompat-v7\\23.1.1\\res\\values-pa-rIN\\values-pa-rIN.xml",
                    "position": {
                        "startLine": 15,
                        "startColumn": 4,
                        "startOffset": 1311,
                        "endColumn": 100,
                        "endOffset": 1407
                    }
                }
            },
            {
                "to": {
                    "startLine": 14,
                    "startColumn": 4,
                    "startOffset": 1234,
                    "endColumn": 100,
                    "endOffset": 1330
                },
                "from": {
                    "file": "C:\\Users\\ASUS\\Desktop\\VirtualEyeDoc\\app\\build\\intermediates\\exploded-aar\\com.android.support\\appcompat-v7\\23.1.1\\res\\values-pa-rIN\\values-pa-rIN.xml",
                    "position": {
                        "startLine": 16,
                        "startColumn": 4,
                        "startOffset": 1412,
                        "endColumn": 100,
                        "endOffset": 1508
                    }
                }
            },
            {
                "to": {
                    "startLine": 15,
                    "startColumn": 4,
                    "startOffset": 1335,
                    "endColumn": 96,
                    "endOffset": 1427
                },
                "from": {
                    "file": "C:\\Users\\ASUS\\Desktop\\VirtualEyeDoc\\app\\build\\intermediates\\exploded-aar\\com.android.support\\appcompat-v7\\23.1.1\\res\\values-pa-rIN\\values-pa-rIN.xml",
                    "position": {
                        "startLine": 17,
                        "startColumn": 4,
                        "startOffset": 1513,
                        "endColumn": 96,
                        "endOffset": 1605
                    }
                }
            },
            {
                "to": {
                    "startLine": 16,
                    "startColumn": 4,
                    "startOffset": 1432,
                    "endColumn": 108,
                    "endOffset": 1536
                },
                "from": {
                    "file": "C:\\Users\\ASUS\\Desktop\\VirtualEyeDoc\\app\\build\\intermediates\\exploded-aar\\com.android.support\\appcompat-v7\\23.1.1\\res\\values-pa-rIN\\values-pa-rIN.xml",
                    "position": {
                        "startLine": 18,
                        "startColumn": 4,
                        "startOffset": 1610,
                        "endColumn": 108,
                        "endOffset": 1714
                    }
                }
            },
            {
                "to": {
                    "startLine": 17,
                    "startColumn": 4,
                    "startOffset": 1541,
                    "endColumn": 98,
                    "endOffset": 1635
                },
                "from": {
                    "file": "C:\\Users\\ASUS\\Desktop\\VirtualEyeDoc\\app\\build\\intermediates\\exploded-aar\\com.android.support\\appcompat-v7\\23.1.1\\res\\values-pa-rIN\\values-pa-rIN.xml",
                    "position": {
                        "startLine": 19,
                        "startColumn": 4,
                        "startOffset": 1719,
                        "endColumn": 98,
                        "endOffset": 1813
                    }
                }
            },
            {
                "to": {
                    "startLine": 18,
                    "startColumn": 4,
                    "startOffset": 1640,
                    "endColumn": 109,
                    "endOffset": 1745
                },
                "from": {
                    "file": "C:\\Users\\ASUS\\Desktop\\VirtualEyeDoc\\app\\build\\intermediates\\exploded-aar\\com.android.support\\appcompat-v7\\23.1.1\\res\\values-pa-rIN\\values-pa-rIN.xml",
                    "position": {
                        "startLine": 20,
                        "startColumn": 4,
                        "startOffset": 1818,
                        "endColumn": 109,
                        "endOffset": 1923
                    }
                }
            },
            {
                "to": {
                    "startLine": 19,
                    "startColumn": 4,
                    "startOffset": 1750,
                    "endColumn": 121,
                    "endOffset": 1867
                },
                "from": {
                    "file": "C:\\Users\\ASUS\\Desktop\\VirtualEyeDoc\\app\\build\\intermediates\\exploded-aar\\com.android.support\\appcompat-v7\\23.1.1\\res\\values-pa-rIN\\values-pa-rIN.xml",
                    "position": {
                        "startLine": 21,
                        "startColumn": 4,
                        "startOffset": 1928,
                        "endColumn": 121,
                        "endOffset": 2045
                    }
                }
            },
            {
                "to": {
                    "startLine": 20,
                    "startColumn": 4,
                    "startOffset": 1872,
                    "endColumn": 99,
                    "endOffset": 1967
                },
                "from": {
                    "file": "C:\\Users\\ASUS\\Desktop\\VirtualEyeDoc\\app\\build\\intermediates\\exploded-aar\\com.android.support\\appcompat-v7\\23.1.1\\res\\values-pa-rIN\\values-pa-rIN.xml",
                    "position": {
                        "startLine": 22,
                        "startColumn": 4,
                        "startOffset": 2050,
                        "endColumn": 99,
                        "endOffset": 2145
                    }
                }
            },
            {
                "to": {
                    "startLine": 21,
                    "startColumn": 4,
                    "startOffset": 1972,
                    "endColumn": 100,
                    "endOffset": 2068
                },
                "from": {
                    "file": "C:\\Users\\ASUS\\Desktop\\VirtualEyeDoc\\app\\build\\intermediates\\exploded-aar\\com.android.support\\appcompat-v7\\23.1.1\\res\\values-pa-rIN\\values-pa-rIN.xml",
                    "position": {
                        "startLine": 23,
                        "startColumn": 4,
                        "startOffset": 2150,
                        "endColumn": 100,
                        "endOffset": 2246
                    }
                }
            }
        ]
    },
    {
        "outputFile": "D:\\VirtualEyeDoc\\app\\build\\intermediates\\res\\merged\\debug\\values-pa-rIN\\values-pa-rIN.xml",
        "map": [
            {
                "to": {
                    "startLine": 2,
                    "startColumn": 4,
                    "startOffset": 55,
                    "endColumn": 105,
                    "endOffset": 156
                },
                "from": {
                    "file": "D:\\VirtualEyeDoc\\app\\build\\intermediates\\exploded-aar\\com.android.support\\appcompat-v7\\23.1.1\\res\\values-pa-rIN\\values-pa-rIN.xml",
                    "position": {
                        "startLine": 4,
                        "startColumn": 4,
                        "startOffset": 233,
                        "endColumn": 105,
                        "endOffset": 334
                    }
                }
            },
            {
                "to": {
                    "startLine": 3,
                    "startColumn": 4,
                    "startOffset": 161,
                    "endColumn": 107,
                    "endOffset": 264
                },
                "from": {
                    "file": "D:\\VirtualEyeDoc\\app\\build\\intermediates\\exploded-aar\\com.android.support\\appcompat-v7\\23.1.1\\res\\values-pa-rIN\\values-pa-rIN.xml",
                    "position": {
                        "startLine": 5,
                        "startColumn": 4,
                        "startOffset": 339,
                        "endColumn": 107,
                        "endOffset": 442
                    }
                }
            },
            {
                "to": {
                    "startLine": 4,
                    "startColumn": 4,
                    "startOffset": 269,
                    "endColumn": 122,
                    "endOffset": 387
                },
                "from": {
                    "file": "D:\\VirtualEyeDoc\\app\\build\\intermediates\\exploded-aar\\com.android.support\\appcompat-v7\\23.1.1\\res\\values-pa-rIN\\values-pa-rIN.xml",
                    "position": {
                        "startLine": 6,
                        "startColumn": 4,
                        "startOffset": 447,
                        "endColumn": 122,
                        "endOffset": 565
                    }
                }
            },
            {
                "to": {
                    "startLine": 5,
                    "startColumn": 4,
                    "startOffset": 392,
                    "endColumn": 104,
                    "endOffset": 492
                },
                "from": {
                    "file": "D:\\VirtualEyeDoc\\app\\build\\intermediates\\exploded-aar\\com.android.support\\appcompat-v7\\23.1.1\\res\\values-pa-rIN\\values-pa-rIN.xml",
                    "position": {
                        "startLine": 7,
                        "startColumn": 4,
                        "startOffset": 570,
                        "endColumn": 104,
                        "endOffset": 670
                    }
                }
            },
            {
                "to": {
                    "startLine": 6,
                    "startColumn": 4,
                    "startOffset": 497,
                    "endColumn": 104,
                    "endOffset": 597
                },
                "from": {
                    "file": "D:\\VirtualEyeDoc\\app\\build\\intermediates\\exploded-aar\\com.android.support\\appcompat-v7\\23.1.1\\res\\values-pa-rIN\\values-pa-rIN.xml",
                    "position": {
                        "startLine": 8,
                        "startColumn": 4,
                        "startOffset": 675,
                        "endColumn": 104,
                        "endOffset": 775
                    }
                }
            },
            {
                "to": {
                    "startLine": 7,
                    "startColumn": 4,
                    "startOffset": 602,
                    "endColumn": 85,
                    "endOffset": 683
                },
                "from": {
                    "file": "D:\\VirtualEyeDoc\\app\\build\\intermediates\\exploded-aar\\com.android.support\\appcompat-v7\\23.1.1\\res\\values-pa-rIN\\values-pa-rIN.xml",
                    "position": {
                        "startLine": 9,
                        "startColumn": 4,
                        "startOffset": 780,
                        "endColumn": 85,
                        "endOffset": 861
                    }
                }
            },
            {
                "to": {
                    "startLine": 8,
                    "startColumn": 4,
                    "startOffset": 688,
                    "endColumn": 99,
                    "endOffset": 783
                },
                "from": {
                    "file": "D:\\VirtualEyeDoc\\app\\build\\intermediates\\exploded-aar\\com.android.support\\appcompat-v7\\23.1.1\\res\\values-pa-rIN\\values-pa-rIN.xml",
                    "position": {
                        "startLine": 10,
                        "startColumn": 4,
                        "startOffset": 866,
                        "endColumn": 99,
                        "endOffset": 961
                    }
                }
            },
            {
                "to": {
                    "startLine": 9,
                    "startColumn": 4,
                    "startOffset": 788,
                    "endColumn": 112,
                    "endOffset": 896
                },
                "from": {
                    "file": "D:\\VirtualEyeDoc\\app\\build\\intermediates\\exploded-aar\\com.android.support\\appcompat-v7\\23.1.1\\res\\values-pa-rIN\\values-pa-rIN.xml",
                    "position": {
                        "startLine": 11,
                        "startColumn": 4,
                        "startOffset": 966,
                        "endColumn": 112,
                        "endOffset": 1074
                    }
                }
            },
            {
                "to": {
                    "startLine": 10,
                    "startColumn": 4,
                    "startOffset": 901,
                    "endColumn": 76,
                    "endOffset": 973
                },
                "from": {
                    "file": "D:\\VirtualEyeDoc\\app\\build\\intermediates\\exploded-aar\\com.android.support\\appcompat-v7\\23.1.1\\res\\values-pa-rIN\\values-pa-rIN.xml",
                    "position": {
                        "startLine": 12,
                        "startColumn": 4,
                        "startOffset": 1079,
                        "endColumn": 76,
                        "endOffset": 1151
                    }
                }
            },
            {
                "to": {
                    "startLine": 11,
                    "startColumn": 4,
                    "startOffset": 978,
                    "endColumn": 75,
                    "endOffset": 1049
                },
                "from": {
                    "file": "D:\\VirtualEyeDoc\\app\\build\\intermediates\\exploded-aar\\com.android.support\\appcompat-v7\\23.1.1\\res\\values-pa-rIN\\values-pa-rIN.xml",
                    "position": {
                        "startLine": 13,
                        "startColumn": 4,
                        "startOffset": 1156,
                        "endColumn": 75,
                        "endOffset": 1227
                    }
                }
            },
            {
                "to": {
                    "startLine": 12,
                    "startColumn": 4,
                    "startOffset": 1054,
                    "endColumn": 78,
                    "endOffset": 1128
                },
                "from": {
                    "file": "D:\\VirtualEyeDoc\\app\\build\\intermediates\\exploded-aar\\com.android.support\\appcompat-v7\\23.1.1\\res\\values-pa-rIN\\values-pa-rIN.xml",
                    "position": {
                        "startLine": 14,
                        "startColumn": 4,
                        "startOffset": 1232,
                        "endColumn": 78,
                        "endOffset": 1306
                    }
                }
            },
            {
                "to": {
                    "startLine": 13,
                    "startColumn": 4,
                    "startOffset": 1133,
                    "endColumn": 100,
                    "endOffset": 1229
                },
                "from": {
                    "file": "D:\\VirtualEyeDoc\\app\\build\\intermediates\\exploded-aar\\com.android.support\\appcompat-v7\\23.1.1\\res\\values-pa-rIN\\values-pa-rIN.xml",
                    "position": {
                        "startLine": 15,
                        "startColumn": 4,
                        "startOffset": 1311,
                        "endColumn": 100,
                        "endOffset": 1407
                    }
                }
            },
            {
                "to": {
                    "startLine": 14,
                    "startColumn": 4,
                    "startOffset": 1234,
                    "endColumn": 100,
                    "endOffset": 1330
                },
                "from": {
                    "file": "D:\\VirtualEyeDoc\\app\\build\\intermediates\\exploded-aar\\com.android.support\\appcompat-v7\\23.1.1\\res\\values-pa-rIN\\values-pa-rIN.xml",
                    "position": {
                        "startLine": 16,
                        "startColumn": 4,
                        "startOffset": 1412,
                        "endColumn": 100,
                        "endOffset": 1508
                    }
                }
            },
            {
                "to": {
                    "startLine": 15,
                    "startColumn": 4,
                    "startOffset": 1335,
                    "endColumn": 96,
                    "endOffset": 1427
                },
                "from": {
                    "file": "D:\\VirtualEyeDoc\\app\\build\\intermediates\\exploded-aar\\com.android.support\\appcompat-v7\\23.1.1\\res\\values-pa-rIN\\values-pa-rIN.xml",
                    "position": {
                        "startLine": 17,
                        "startColumn": 4,
                        "startOffset": 1513,
                        "endColumn": 96,
                        "endOffset": 1605
                    }
                }
            },
            {
                "to": {
                    "startLine": 16,
                    "startColumn": 4,
                    "startOffset": 1432,
                    "endColumn": 108,
                    "endOffset": 1536
                },
                "from": {
                    "file": "D:\\VirtualEyeDoc\\app\\build\\intermediates\\exploded-aar\\com.android.support\\appcompat-v7\\23.1.1\\res\\values-pa-rIN\\values-pa-rIN.xml",
                    "position": {
                        "startLine": 18,
                        "startColumn": 4,
                        "startOffset": 1610,
                        "endColumn": 108,
                        "endOffset": 1714
                    }
                }
            },
            {
                "to": {
                    "startLine": 17,
                    "startColumn": 4,
                    "startOffset": 1541,
                    "endColumn": 98,
                    "endOffset": 1635
                },
                "from": {
                    "file": "D:\\VirtualEyeDoc\\app\\build\\intermediates\\exploded-aar\\com.android.support\\appcompat-v7\\23.1.1\\res\\values-pa-rIN\\values-pa-rIN.xml",
                    "position": {
                        "startLine": 19,
                        "startColumn": 4,
                        "startOffset": 1719,
                        "endColumn": 98,
                        "endOffset": 1813
                    }
                }
            },
            {
                "to": {
                    "startLine": 18,
                    "startColumn": 4,
                    "startOffset": 1640,
                    "endColumn": 109,
                    "endOffset": 1745
                },
                "from": {
                    "file": "D:\\VirtualEyeDoc\\app\\build\\intermediates\\exploded-aar\\com.android.support\\appcompat-v7\\23.1.1\\res\\values-pa-rIN\\values-pa-rIN.xml",
                    "position": {
                        "startLine": 20,
                        "startColumn": 4,
                        "startOffset": 1818,
                        "endColumn": 109,
                        "endOffset": 1923
                    }
                }
            },
            {
                "to": {
                    "startLine": 19,
                    "startColumn": 4,
                    "startOffset": 1750,
                    "endColumn": 121,
                    "endOffset": 1867
                },
                "from": {
                    "file": "D:\\VirtualEyeDoc\\app\\build\\intermediates\\exploded-aar\\com.android.support\\appcompat-v7\\23.1.1\\res\\values-pa-rIN\\values-pa-rIN.xml",
                    "position": {
                        "startLine": 21,
                        "startColumn": 4,
                        "startOffset": 1928,
                        "endColumn": 121,
                        "endOffset": 2045
                    }
                }
            },
            {
                "to": {
                    "startLine": 20,
                    "startColumn": 4,
                    "startOffset": 1872,
                    "endColumn": 99,
                    "endOffset": 1967
                },
                "from": {
                    "file": "D:\\VirtualEyeDoc\\app\\build\\intermediates\\exploded-aar\\com.android.support\\appcompat-v7\\23.1.1\\res\\values-pa-rIN\\values-pa-rIN.xml",
                    "position": {
                        "startLine": 22,
                        "startColumn": 4,
                        "startOffset": 2050,
                        "endColumn": 99,
                        "endOffset": 2145
                    }
                }
            },
            {
                "to": {
                    "startLine": 21,
                    "startColumn": 4,
                    "startOffset": 1972,
                    "endColumn": 100,
                    "endOffset": 2068
                },
                "from": {
                    "file": "D:\\VirtualEyeDoc\\app\\build\\intermediates\\exploded-aar\\com.android.support\\appcompat-v7\\23.1.1\\res\\values-pa-rIN\\values-pa-rIN.xml",
                    "position": {
                        "startLine": 23,
                        "startColumn": 4,
                        "startOffset": 2150,
                        "endColumn": 100,
                        "endOffset": 2246
                    }
                }
            }
        ]
    },
    {
        "outputFile": "D:\\VirtualEyeDocFinal\\VirtualEyeDoc\\app\\build\\intermediates\\res\\merged\\debug\\values-pa-rIN\\values-pa-rIN.xml",
        "map": [
            {
                "to": {
                    "startLine": 2,
                    "startColumn": 4,
                    "startOffset": 55,
                    "endColumn": 105,
                    "endOffset": 156
                },
                "from": {
                    "file": "D:\\VirtualEyeDocFinal\\VirtualEyeDoc\\app\\build\\intermediates\\exploded-aar\\com.android.support\\appcompat-v7\\23.1.1\\res\\values-pa-rIN\\values-pa-rIN.xml",
                    "position": {
                        "startLine": 4,
                        "startColumn": 4,
                        "startOffset": 233,
                        "endColumn": 105,
                        "endOffset": 334
                    }
                }
            },
            {
                "to": {
                    "startLine": 3,
                    "startColumn": 4,
                    "startOffset": 161,
                    "endColumn": 107,
                    "endOffset": 264
                },
                "from": {
                    "file": "D:\\VirtualEyeDocFinal\\VirtualEyeDoc\\app\\build\\intermediates\\exploded-aar\\com.android.support\\appcompat-v7\\23.1.1\\res\\values-pa-rIN\\values-pa-rIN.xml",
                    "position": {
                        "startLine": 5,
                        "startColumn": 4,
                        "startOffset": 339,
                        "endColumn": 107,
                        "endOffset": 442
                    }
                }
            },
            {
                "to": {
                    "startLine": 4,
                    "startColumn": 4,
                    "startOffset": 269,
                    "endColumn": 122,
                    "endOffset": 387
                },
                "from": {
                    "file": "D:\\VirtualEyeDocFinal\\VirtualEyeDoc\\app\\build\\intermediates\\exploded-aar\\com.android.support\\appcompat-v7\\23.1.1\\res\\values-pa-rIN\\values-pa-rIN.xml",
                    "position": {
                        "startLine": 6,
                        "startColumn": 4,
                        "startOffset": 447,
                        "endColumn": 122,
                        "endOffset": 565
                    }
                }
            },
            {
                "to": {
                    "startLine": 5,
                    "startColumn": 4,
                    "startOffset": 392,
                    "endColumn": 104,
                    "endOffset": 492
                },
                "from": {
                    "file": "D:\\VirtualEyeDocFinal\\VirtualEyeDoc\\app\\build\\intermediates\\exploded-aar\\com.android.support\\appcompat-v7\\23.1.1\\res\\values-pa-rIN\\values-pa-rIN.xml",
                    "position": {
                        "startLine": 7,
                        "startColumn": 4,
                        "startOffset": 570,
                        "endColumn": 104,
                        "endOffset": 670
                    }
                }
            },
            {
                "to": {
                    "startLine": 6,
                    "startColumn": 4,
                    "startOffset": 497,
                    "endColumn": 104,
                    "endOffset": 597
                },
                "from": {
                    "file": "D:\\VirtualEyeDocFinal\\VirtualEyeDoc\\app\\build\\intermediates\\exploded-aar\\com.android.support\\appcompat-v7\\23.1.1\\res\\values-pa-rIN\\values-pa-rIN.xml",
                    "position": {
                        "startLine": 8,
                        "startColumn": 4,
                        "startOffset": 675,
                        "endColumn": 104,
                        "endOffset": 775
                    }
                }
            },
            {
                "to": {
                    "startLine": 7,
                    "startColumn": 4,
                    "startOffset": 602,
                    "endColumn": 85,
                    "endOffset": 683
                },
                "from": {
                    "file": "D:\\VirtualEyeDocFinal\\VirtualEyeDoc\\app\\build\\intermediates\\exploded-aar\\com.android.support\\appcompat-v7\\23.1.1\\res\\values-pa-rIN\\values-pa-rIN.xml",
                    "position": {
                        "startLine": 9,
                        "startColumn": 4,
                        "startOffset": 780,
                        "endColumn": 85,
                        "endOffset": 861
                    }
                }
            },
            {
                "to": {
                    "startLine": 8,
                    "startColumn": 4,
                    "startOffset": 688,
                    "endColumn": 99,
                    "endOffset": 783
                },
                "from": {
                    "file": "D:\\VirtualEyeDocFinal\\VirtualEyeDoc\\app\\build\\intermediates\\exploded-aar\\com.android.support\\appcompat-v7\\23.1.1\\res\\values-pa-rIN\\values-pa-rIN.xml",
                    "position": {
                        "startLine": 10,
                        "startColumn": 4,
                        "startOffset": 866,
                        "endColumn": 99,
                        "endOffset": 961
                    }
                }
            },
            {
                "to": {
                    "startLine": 9,
                    "startColumn": 4,
                    "startOffset": 788,
                    "endColumn": 112,
                    "endOffset": 896
                },
                "from": {
                    "file": "D:\\VirtualEyeDocFinal\\VirtualEyeDoc\\app\\build\\intermediates\\exploded-aar\\com.android.support\\appcompat-v7\\23.1.1\\res\\values-pa-rIN\\values-pa-rIN.xml",
                    "position": {
                        "startLine": 11,
                        "startColumn": 4,
                        "startOffset": 966,
                        "endColumn": 112,
                        "endOffset": 1074
                    }
                }
            },
            {
                "to": {
                    "startLine": 10,
                    "startColumn": 4,
                    "startOffset": 901,
                    "endColumn": 76,
                    "endOffset": 973
                },
                "from": {
                    "file": "D:\\VirtualEyeDocFinal\\VirtualEyeDoc\\app\\build\\intermediates\\exploded-aar\\com.android.support\\appcompat-v7\\23.1.1\\res\\values-pa-rIN\\values-pa-rIN.xml",
                    "position": {
                        "startLine": 12,
                        "startColumn": 4,
                        "startOffset": 1079,
                        "endColumn": 76,
                        "endOffset": 1151
                    }
                }
            },
            {
                "to": {
                    "startLine": 11,
                    "startColumn": 4,
                    "startOffset": 978,
                    "endColumn": 75,
                    "endOffset": 1049
                },
                "from": {
                    "file": "D:\\VirtualEyeDocFinal\\VirtualEyeDoc\\app\\build\\intermediates\\exploded-aar\\com.android.support\\appcompat-v7\\23.1.1\\res\\values-pa-rIN\\values-pa-rIN.xml",
                    "position": {
                        "startLine": 13,
                        "startColumn": 4,
                        "startOffset": 1156,
                        "endColumn": 75,
                        "endOffset": 1227
                    }
                }
            },
            {
                "to": {
                    "startLine": 12,
                    "startColumn": 4,
                    "startOffset": 1054,
                    "endColumn": 78,
                    "endOffset": 1128
                },
                "from": {
                    "file": "D:\\VirtualEyeDocFinal\\VirtualEyeDoc\\app\\build\\intermediates\\exploded-aar\\com.android.support\\appcompat-v7\\23.1.1\\res\\values-pa-rIN\\values-pa-rIN.xml",
                    "position": {
                        "startLine": 14,
                        "startColumn": 4,
                        "startOffset": 1232,
                        "endColumn": 78,
                        "endOffset": 1306
                    }
                }
            },
            {
                "to": {
                    "startLine": 13,
                    "startColumn": 4,
                    "startOffset": 1133,
                    "endColumn": 100,
                    "endOffset": 1229
                },
                "from": {
                    "file": "D:\\VirtualEyeDocFinal\\VirtualEyeDoc\\app\\build\\intermediates\\exploded-aar\\com.android.support\\appcompat-v7\\23.1.1\\res\\values-pa-rIN\\values-pa-rIN.xml",
                    "position": {
                        "startLine": 15,
                        "startColumn": 4,
                        "startOffset": 1311,
                        "endColumn": 100,
                        "endOffset": 1407
                    }
                }
            },
            {
                "to": {
                    "startLine": 14,
                    "startColumn": 4,
                    "startOffset": 1234,
                    "endColumn": 100,
                    "endOffset": 1330
                },
                "from": {
                    "file": "D:\\VirtualEyeDocFinal\\VirtualEyeDoc\\app\\build\\intermediates\\exploded-aar\\com.android.support\\appcompat-v7\\23.1.1\\res\\values-pa-rIN\\values-pa-rIN.xml",
                    "position": {
                        "startLine": 16,
                        "startColumn": 4,
                        "startOffset": 1412,
                        "endColumn": 100,
                        "endOffset": 1508
                    }
                }
            },
            {
                "to": {
                    "startLine": 15,
                    "startColumn": 4,
                    "startOffset": 1335,
                    "endColumn": 96,
                    "endOffset": 1427
                },
                "from": {
                    "file": "D:\\VirtualEyeDocFinal\\VirtualEyeDoc\\app\\build\\intermediates\\exploded-aar\\com.android.support\\appcompat-v7\\23.1.1\\res\\values-pa-rIN\\values-pa-rIN.xml",
                    "position": {
                        "startLine": 17,
                        "startColumn": 4,
                        "startOffset": 1513,
                        "endColumn": 96,
                        "endOffset": 1605
                    }
                }
            },
            {
                "to": {
                    "startLine": 16,
                    "startColumn": 4,
                    "startOffset": 1432,
                    "endColumn": 108,
                    "endOffset": 1536
                },
                "from": {
                    "file": "D:\\VirtualEyeDocFinal\\VirtualEyeDoc\\app\\build\\intermediates\\exploded-aar\\com.android.support\\appcompat-v7\\23.1.1\\res\\values-pa-rIN\\values-pa-rIN.xml",
                    "position": {
                        "startLine": 18,
                        "startColumn": 4,
                        "startOffset": 1610,
                        "endColumn": 108,
                        "endOffset": 1714
                    }
                }
            },
            {
                "to": {
                    "startLine": 17,
                    "startColumn": 4,
                    "startOffset": 1541,
                    "endColumn": 98,
                    "endOffset": 1635
                },
                "from": {
                    "file": "D:\\VirtualEyeDocFinal\\VirtualEyeDoc\\app\\build\\intermediates\\exploded-aar\\com.android.support\\appcompat-v7\\23.1.1\\res\\values-pa-rIN\\values-pa-rIN.xml",
                    "position": {
                        "startLine": 19,
                        "startColumn": 4,
                        "startOffset": 1719,
                        "endColumn": 98,
                        "endOffset": 1813
                    }
                }
            },
            {
                "to": {
                    "startLine": 18,
                    "startColumn": 4,
                    "startOffset": 1640,
                    "endColumn": 109,
                    "endOffset": 1745
                },
                "from": {
                    "file": "D:\\VirtualEyeDocFinal\\VirtualEyeDoc\\app\\build\\intermediates\\exploded-aar\\com.android.support\\appcompat-v7\\23.1.1\\res\\values-pa-rIN\\values-pa-rIN.xml",
                    "position": {
                        "startLine": 20,
                        "startColumn": 4,
                        "startOffset": 1818,
                        "endColumn": 109,
                        "endOffset": 1923
                    }
                }
            },
            {
                "to": {
                    "startLine": 19,
                    "startColumn": 4,
                    "startOffset": 1750,
                    "endColumn": 121,
                    "endOffset": 1867
                },
                "from": {
                    "file": "D:\\VirtualEyeDocFinal\\VirtualEyeDoc\\app\\build\\intermediates\\exploded-aar\\com.android.support\\appcompat-v7\\23.1.1\\res\\values-pa-rIN\\values-pa-rIN.xml",
                    "position": {
                        "startLine": 21,
                        "startColumn": 4,
                        "startOffset": 1928,
                        "endColumn": 121,
                        "endOffset": 2045
                    }
                }
            },
            {
                "to": {
                    "startLine": 20,
                    "startColumn": 4,
                    "startOffset": 1872,
                    "endColumn": 99,
                    "endOffset": 1967
                },
                "from": {
                    "file": "D:\\VirtualEyeDocFinal\\VirtualEyeDoc\\app\\build\\intermediates\\exploded-aar\\com.android.support\\appcompat-v7\\23.1.1\\res\\values-pa-rIN\\values-pa-rIN.xml",
                    "position": {
                        "startLine": 22,
                        "startColumn": 4,
                        "startOffset": 2050,
                        "endColumn": 99,
                        "endOffset": 2145
                    }
                }
            },
            {
                "to": {
                    "startLine": 21,
                    "startColumn": 4,
                    "startOffset": 1972,
                    "endColumn": 100,
                    "endOffset": 2068
                },
                "from": {
                    "file": "D:\\VirtualEyeDocFinal\\VirtualEyeDoc\\app\\build\\intermediates\\exploded-aar\\com.android.support\\appcompat-v7\\23.1.1\\res\\values-pa-rIN\\values-pa-rIN.xml",
                    "position": {
                        "startLine": 23,
                        "startColumn": 4,
                        "startOffset": 2150,
                        "endColumn": 100,
                        "endOffset": 2246
                    }
                }
            }
        ]
    }
]