[
    {
        "outputFile": "D:\\VirtualEyeDoc\\app\\build\\intermediates\\res\\merged\\debug\\values-gl-rES\\values-gl-rES.xml",
        "map": [
            {
                "to": {
                    "startLine": 2,
                    "startColumn": 4,
                    "startOffset": 55,
                    "endColumn": 111,
                    "endOffset": 162
                },
                "from": {
                    "file": "D:\\VirtualEyeDoc\\app\\build\\intermediates\\exploded-aar\\com.android.support\\appcompat-v7\\23.1.1\\res\\values-gl-rES\\values-gl-rES.xml",
                    "position": {
                        "startLine": 4,
                        "startColumn": 4,
                        "startOffset": 233,
                        "endColumn": 111,
                        "endOffset": 340
                    }
                }
            },
            {
                "to": {
                    "startLine": 3,
                    "startColumn": 4,
                    "startOffset": 167,
                    "endColumn": 107,
                    "endOffset": 270
                },
                "from": {
                    "file": "D:\\VirtualEyeDoc\\app\\build\\intermediates\\exploded-aar\\com.android.support\\appcompat-v7\\23.1.1\\res\\values-gl-rES\\values-gl-rES.xml",
                    "position": {
                        "startLine": 5,
                        "startColumn": 4,
                        "startOffset": 345,
                        "endColumn": 107,
                        "endOffset": 448
                    }
                }
            },
            {
                "to": {
                    "startLine": 4,
                    "startColumn": 4,
                    "startOffset": 275,
                    "endColumn": 122,
                    "endOffset": 393
                },
                "from": {
                    "file": "D:\\VirtualEyeDoc\\app\\build\\intermediates\\exploded-aar\\com.android.support\\appcompat-v7\\23.1.1\\res\\values-gl-rES\\values-gl-rES.xml",
                    "position": {
                        "startLine": 6,
                        "startColumn": 4,
                        "startOffset": 453,
                        "endColumn": 122,
                        "endOffset": 571
                    }
                }
            },
            {
                "to": {
                    "startLine": 5,
                    "startColumn": 4,
                    "startOffset": 398,
                    "endColumn": 111,
                    "endOffset": 505
                },
                "from": {
                    "file": "D:\\VirtualEyeDoc\\app\\build\\intermediates\\exploded-aar\\com.android.support\\appcompat-v7\\23.1.1\\res\\values-gl-rES\\values-gl-rES.xml",
                    "position": {
                        "startLine": 7,
                        "startColumn": 4,
                        "startOffset": 576,
                        "endColumn": 111,
                        "endOffset": 683
                    }
                }
            },
            {
                "to": {
                    "startLine": 6,
                    "startColumn": 4,
                    "startOffset": 510,
                    "endColumn": 107,
                    "endOffset": 613
                },
                "from": {
                    "file": "D:\\VirtualEyeDoc\\app\\build\\intermediates\\exploded-aar\\com.android.support\\appcompat-v7\\23.1.1\\res\\values-gl-rES\\values-gl-rES.xml",
                    "position": {
                        "startLine": 8,
                        "startColumn": 4,
                        "startOffset": 688,
                        "endColumn": 107,
                        "endOffset": 791
                    }
                }
            },
            {
                "to": {
                    "startLine": 7,
                    "startColumn": 4,
                    "startOffset": 618,
                    "endColumn": 84,
                    "endOffset": 698
                },
                "from": {
                    "file": "D:\\VirtualEyeDoc\\app\\build\\intermediates\\exploded-aar\\com.android.support\\appcompat-v7\\23.1.1\\res\\values-gl-rES\\values-gl-rES.xml",
                    "position": {
                        "startLine": 9,
                        "startColumn": 4,
                        "startOffset": 796,
                        "endColumn": 84,
                        "endOffset": 876
                    }
                }
            },
            {
                "to": {
                    "startLine": 8,
                    "startColumn": 4,
                    "startOffset": 703,
                    "endColumn": 101,
                    "endOffset": 800
                },
                "from": {
                    "file": "D:\\VirtualEyeDoc\\app\\build\\intermediates\\exploded-aar\\com.android.support\\appcompat-v7\\23.1.1\\res\\values-gl-rES\\values-gl-rES.xml",
                    "position": {
                        "startLine": 10,
                        "startColumn": 4,
                        "startOffset": 881,
                        "endColumn": 101,
                        "endOffset": 978
                    }
                }
            },
            {
                "to": {
                    "startLine": 9,
                    "startColumn": 4,
                    "startOffset": 805,
                    "endColumn": 125,
                    "endOffset": 926
                },
                "from": {
                    "file": "D:\\VirtualEyeDoc\\app\\build\\intermediates\\exploded-aar\\com.android.support\\appcompat-v7\\23.1.1\\res\\values-gl-rES\\values-gl-rES.xml",
                    "position": {
                        "startLine": 11,
                        "startColumn": 4,
                        "startOffset": 983,
                        "endColumn": 125,
                        "endOffset": 1104
                    }
                }
            },
            {
                "to": {
                    "startLine": 10,
                    "startColumn": 4,
                    "startOffset": 931,
                    "endColumn": 83,
                    "endOffset": 1010
                },
                "from": {
                    "file": "D:\\VirtualEyeDoc\\app\\build\\intermediates\\exploded-aar\\com.android.support\\appcompat-v7\\23.1.1\\res\\values-gl-rES\\values-gl-rES.xml",
                    "position": {
                        "startLine": 12,
                        "startColumn": 4,
                        "startOffset": 1109,
                        "endColumn": 83,
                        "endOffset": 1188
                    }
                }
            },
            {
                "to": {
                    "startLine": 11,
                    "startColumn": 4,
                    "startOffset": 1015,
                    "endColumn": 80,
                    "endOffset": 1091
                },
                "from": {
                    "file": "D:\\VirtualEyeDoc\\app\\build\\intermediates\\exploded-aar\\com.android.support\\appcompat-v7\\23.1.1\\res\\values-gl-rES\\values-gl-rES.xml",
                    "position": {
                        "startLine": 13,
                        "startColumn": 4,
                        "startOffset": 1193,
                        "endColumn": 80,
                        "endOffset": 1269
                    }
                }
            },
            {
                "to": {
                    "startLine": 12,
                    "startColumn": 4,
                    "startOffset": 1096,
                    "endColumn": 81,
                    "endOffset": 1173
                },
                "from": {
                    "file": "D:\\VirtualEyeDoc\\app\\build\\intermediates\\exploded-aar\\com.android.support\\appcompat-v7\\23.1.1\\res\\values-gl-rES\\values-gl-rES.xml",
                    "position": {
                        "startLine": 14,
                        "startColumn": 4,
                        "startOffset": 1274,
                        "endColumn": 81,
                        "endOffset": 1351
                    }
                }
            },
            {
                "to": {
                    "startLine": 13,
                    "startColumn": 4,
                    "startOffset": 1178,
                    "endColumn": 106,
                    "endOffset": 1280
                },
                "from": {
                    "file": "D:\\VirtualEyeDoc\\app\\build\\intermediates\\exploded-aar\\com.android.support\\appcompat-v7\\23.1.1\\res\\values-gl-rES\\values-gl-rES.xml",
                    "position": {
                        "startLine": 15,
                        "startColumn": 4,
                        "startOffset": 1356,
                        "endColumn": 106,
                        "endOffset": 1458
                    }
                }
            },
            {
                "to": {
                    "startLine": 14,
                    "startColumn": 4,
                    "startOffset": 1285,
                    "endColumn": 108,
                    "endOffset": 1389
                },
                "from": {
                    "file": "D:\\VirtualEyeDoc\\app\\build\\intermediates\\exploded-aar\\com.android.support\\appcompat-v7\\23.1.1\\res\\values-gl-rES\\values-gl-rES.xml",
                    "position": {
                        "startLine": 16,
                        "startColumn": 4,
                        "startOffset": 1463,
                        "endColumn": 108,
                        "endOffset": 1567
                    }
                }
            },
            {
                "to": {
                    "startLine": 15,
                    "startColumn": 4,
                    "startOffset": 1394,
                    "endColumn": 98,
                    "endOffset": 1488
                },
                "from": {
                    "file": "D:\\VirtualEyeDoc\\app\\build\\intermediates\\exploded-aar\\com.android.support\\appcompat-v7\\23.1.1\\res\\values-gl-rES\\values-gl-rES.xml",
                    "position": {
                        "startLine": 17,
                        "startColumn": 4,
                        "startOffset": 1572,
                        "endColumn": 98,
                        "endOffset": 1666
                    }
                }
            },
            {
                "to": {
                    "startLine": 16,
                    "startColumn": 4,
                    "startOffset": 1493,
                    "endColumn": 107,
                    "endOffset": 1596
                },
                "from": {
                    "file": "D:\\VirtualEyeDoc\\app\\build\\intermediates\\exploded-aar\\com.android.support\\appcompat-v7\\23.1.1\\res\\values-gl-rES\\values-gl-rES.xml",
                    "position": {
                        "startLine": 18,
                        "startColumn": 4,
                        "startOffset": 1671,
                        "endColumn": 107,
                        "endOffset": 1774
                    }
                }
            },
            {
                "to": {
                    "startLine": 17,
                    "startColumn": 4,
                    "startOffset": 1601,
                    "endColumn": 102,
                    "endOffset": 1699
                },
                "from": {
                    "file": "D:\\VirtualEyeDoc\\app\\build\\intermediates\\exploded-aar\\com.android.support\\appcompat-v7\\23.1.1\\res\\values-gl-rES\\values-gl-rES.xml",
                    "position": {
                        "startLine": 19,
                        "startColumn": 4,
                        "startOffset": 1779,
                        "endColumn": 102,
                        "endOffset": 1877
                    }
                }
            },
            {
                "to": {
                    "startLine": 18,
                    "startColumn": 4,
                    "startOffset": 1704,
                    "endColumn": 106,
                    "endOffset": 1806
                },
                "from": {
                    "file": "D:\\VirtualEyeDoc\\app\\build\\intermediates\\exploded-aar\\com.android.support\\appcompat-v7\\23.1.1\\res\\values-gl-rES\\values-gl-rES.xml",
                    "position": {
                        "startLine": 20,
                        "startColumn": 4,
                        "startOffset": 1882,
                        "endColumn": 106,
                        "endOffset": 1984
                    }
                }
            },
            {
                "to": {
                    "startLine": 19,
                    "startColumn": 4,
                    "startOffset": 1811,
                    "endColumn": 121,
                    "endOffset": 1928
                },
                "from": {
                    "file": "D:\\VirtualEyeDoc\\app\\build\\intermediates\\exploded-aar\\com.android.support\\appcompat-v7\\23.1.1\\res\\values-gl-rES\\values-gl-rES.xml",
                    "position": {
                        "startLine": 21,
                        "startColumn": 4,
                        "startOffset": 1989,
                        "endColumn": 121,
                        "endOffset": 2106
                    }
                }
            },
            {
                "to": {
                    "startLine": 20,
                    "startColumn": 4,
                    "startOffset": 1933,
                    "endColumn": 99,
                    "endOffset": 2028
                },
                "from": {
                    "file": "D:\\VirtualEyeDoc\\app\\build\\intermediates\\exploded-aar\\com.android.support\\appcompat-v7\\23.1.1\\res\\values-gl-rES\\values-gl-rES.xml",
                    "position": {
                        "startLine": 22,
                        "startColumn": 4,
                        "startOffset": 2111,
                        "endColumn": 99,
                        "endOffset": 2206
                    }
                }
            },
            {
                "to": {
                    "startLine": 21,
                    "startColumn": 4,
                    "startOffset": 2033,
                    "endColumn": 100,
                    "endOffset": 2129
                },
                "from": {
                    "file": "D:\\VirtualEyeDoc\\app\\build\\intermediates\\exploded-aar\\com.android.support\\appcompat-v7\\23.1.1\\res\\values-gl-rES\\values-gl-rES.xml",
                    "position": {
                        "startLine": 23,
                        "startColumn": 4,
                        "startOffset": 2211,
                        "endColumn": 100,
                        "endOffset": 2307
                    }
                }
            }
        ]
    },
    {
        "outputFile": "C:\\Users\\ASUS\\Desktop\\VirtualEyeDoc\\app\\build\\intermediates\\res\\merged\\debug\\values-gl-rES\\values-gl-rES.xml",
        "map": [
            {
                "to": {
                    "startLine": 2,
                    "startColumn": 4,
                    "startOffset": 55,
                    "endColumn": 111,
                    "endOffset": 162
                },
                "from": {
                    "file": "C:\\Users\\ASUS\\Desktop\\VirtualEyeDoc\\app\\build\\intermediates\\exploded-aar\\com.android.support\\appcompat-v7\\23.1.1\\res\\values-gl-rES\\values-gl-rES.xml",
                    "position": {
                        "startLine": 4,
                        "startColumn": 4,
                        "startOffset": 233,
                        "endColumn": 111,
                        "endOffset": 340
                    }
                }
            },
            {
                "to": {
                    "startLine": 3,
                    "startColumn": 4,
                    "startOffset": 167,
                    "endColumn": 107,
                    "endOffset": 270
                },
                "from": {
                    "file": "C:\\Users\\ASUS\\Desktop\\VirtualEyeDoc\\app\\build\\intermediates\\exploded-aar\\com.android.support\\appcompat-v7\\23.1.1\\res\\values-gl-rES\\values-gl-rES.xml",
                    "position": {
                        "startLine": 5,
                        "startColumn": 4,
                        "startOffset": 345,
                        "endColumn": 107,
                        "endOffset": 448
                    }
                }
            },
            {
                "to": {
                    "startLine": 4,
                    "startColumn": 4,
                    "startOffset": 275,
                    "endColumn": 122,
                    "endOffset": 393
                },
                "from": {
                    "file": "C:\\Users\\ASUS\\Desktop\\VirtualEyeDoc\\app\\build\\intermediates\\exploded-aar\\com.android.support\\appcompat-v7\\23.1.1\\res\\values-gl-rES\\values-gl-rES.xml",
                    "position": {
                        "startLine": 6,
                        "startColumn": 4,
                        "startOffset": 453,
                        "endColumn": 122,
                        "endOffset": 571
                    }
                }
            },
            {
                "to": {
                    "startLine": 5,
                    "startColumn": 4,
                    "startOffset": 398,
                    "endColumn": 111,
                    "endOffset": 505
                },
                "from": {
                    "file": "C:\\Users\\ASUS\\Desktop\\VirtualEyeDoc\\app\\build\\intermediates\\exploded-aar\\com.android.support\\appcompat-v7\\23.1.1\\res\\values-gl-rES\\values-gl-rES.xml",
                    "position": {
                        "startLine": 7,
                        "startColumn": 4,
                        "startOffset": 576,
                        "endColumn": 111,
                        "endOffset": 683
                    }
                }
            },
            {
                "to": {
                    "startLine": 6,
                    "startColumn": 4,
                    "startOffset": 510,
                    "endColumn": 107,
                    "endOffset": 613
                },
                "from": {
                    "file": "C:\\Users\\ASUS\\Desktop\\VirtualEyeDoc\\app\\build\\intermediates\\exploded-aar\\com.android.support\\appcompat-v7\\23.1.1\\res\\values-gl-rES\\values-gl-rES.xml",
                    "position": {
                        "startLine": 8,
                        "startColumn": 4,
                        "startOffset": 688,
                        "endColumn": 107,
                        "endOffset": 791
                    }
                }
            },
            {
                "to": {
                    "startLine": 7,
                    "startColumn": 4,
                    "startOffset": 618,
                    "endColumn": 84,
                    "endOffset": 698
                },
                "from": {
                    "file": "C:\\Users\\ASUS\\Desktop\\VirtualEyeDoc\\app\\build\\intermediates\\exploded-aar\\com.android.support\\appcompat-v7\\23.1.1\\res\\values-gl-rES\\values-gl-rES.xml",
                    "position": {
                        "startLine": 9,
                        "startColumn": 4,
                        "startOffset": 796,
                        "endColumn": 84,
                        "endOffset": 876
                    }
                }
            },
            {
                "to": {
                    "startLine": 8,
                    "startColumn": 4,
                    "startOffset": 703,
                    "endColumn": 101,
                    "endOffset": 800
                },
                "from": {
                    "file": "C:\\Users\\ASUS\\Desktop\\VirtualEyeDoc\\app\\build\\intermediates\\exploded-aar\\com.android.support\\appcompat-v7\\23.1.1\\res\\values-gl-rES\\values-gl-rES.xml",
                    "position": {
                        "startLine": 10,
                        "startColumn": 4,
                        "startOffset": 881,
                        "endColumn": 101,
                        "endOffset": 978
                    }
                }
            },
            {
                "to": {
                    "startLine": 9,
                    "startColumn": 4,
                    "startOffset": 805,
                    "endColumn": 125,
                    "endOffset": 926
                },
                "from": {
                    "file": "C:\\Users\\ASUS\\Desktop\\VirtualEyeDoc\\app\\build\\intermediates\\exploded-aar\\com.android.support\\appcompat-v7\\23.1.1\\res\\values-gl-rES\\values-gl-rES.xml",
                    "position": {
                        "startLine": 11,
                        "startColumn": 4,
                        "startOffset": 983,
                        "endColumn": 125,
                        "endOffset": 1104
                    }
                }
            },
            {
                "to": {
                    "startLine": 10,
                    "startColumn": 4,
                    "startOffset": 931,
                    "endColumn": 83,
                    "endOffset": 1010
                },
                "from": {
                    "file": "C:\\Users\\ASUS\\Desktop\\VirtualEyeDoc\\app\\build\\intermediates\\exploded-aar\\com.android.support\\appcompat-v7\\23.1.1\\res\\values-gl-rES\\values-gl-rES.xml",
                    "position": {
                        "startLine": 12,
                        "startColumn": 4,
                        "startOffset": 1109,
                        "endColumn": 83,
                        "endOffset": 1188
                    }
                }
            },
            {
                "to": {
                    "startLine": 11,
                    "startColumn": 4,
                    "startOffset": 1015,
                    "endColumn": 80,
                    "endOffset": 1091
                },
                "from": {
                    "file": "C:\\Users\\ASUS\\Desktop\\VirtualEyeDoc\\app\\build\\intermediates\\exploded-aar\\com.android.support\\appcompat-v7\\23.1.1\\res\\values-gl-rES\\values-gl-rES.xml",
                    "position": {
                        "startLine": 13,
                        "startColumn": 4,
                        "startOffset": 1193,
                        "endColumn": 80,
                        "endOffset": 1269
                    }
                }
            },
            {
                "to": {
                    "startLine": 12,
                    "startColumn": 4,
                    "startOffset": 1096,
                    "endColumn": 81,
                    "endOffset": 1173
                },
                "from": {
                    "file": "C:\\Users\\ASUS\\Desktop\\VirtualEyeDoc\\app\\build\\intermediates\\exploded-aar\\com.android.support\\appcompat-v7\\23.1.1\\res\\values-gl-rES\\values-gl-rES.xml",
                    "position": {
                        "startLine": 14,
                        "startColumn": 4,
                        "startOffset": 1274,
                        "endColumn": 81,
                        "endOffset": 1351
                    }
                }
            },
            {
                "to": {
                    "startLine": 13,
                    "startColumn": 4,
                    "startOffset": 1178,
                    "endColumn": 106,
                    "endOffset": 1280
                },
                "from": {
                    "file": "C:\\Users\\ASUS\\Desktop\\VirtualEyeDoc\\app\\build\\intermediates\\exploded-aar\\com.android.support\\appcompat-v7\\23.1.1\\res\\values-gl-rES\\values-gl-rES.xml",
                    "position": {
                        "startLine": 15,
                        "startColumn": 4,
                        "startOffset": 1356,
                        "endColumn": 106,
                        "endOffset": 1458
                    }
                }
            },
            {
                "to": {
                    "startLine": 14,
                    "startColumn": 4,
                    "startOffset": 1285,
                    "endColumn": 108,
                    "endOffset": 1389
                },
                "from": {
                    "file": "C:\\Users\\ASUS\\Desktop\\VirtualEyeDoc\\app\\build\\intermediates\\exploded-aar\\com.android.support\\appcompat-v7\\23.1.1\\res\\values-gl-rES\\values-gl-rES.xml",
                    "position": {
                        "startLine": 16,
                        "startColumn": 4,
                        "startOffset": 1463,
                        "endColumn": 108,
                        "endOffset": 1567
                    }
                }
            },
            {
                "to": {
                    "startLine": 15,
                    "startColumn": 4,
                    "startOffset": 1394,
                    "endColumn": 98,
                    "endOffset": 1488
                },
                "from": {
                    "file": "C:\\Users\\ASUS\\Desktop\\VirtualEyeDoc\\app\\build\\intermediates\\exploded-aar\\com.android.support\\appcompat-v7\\23.1.1\\res\\values-gl-rES\\values-gl-rES.xml",
                    "position": {
                        "startLine": 17,
                        "startColumn": 4,
                        "startOffset": 1572,
                        "endColumn": 98,
                        "endOffset": 1666
                    }
                }
            },
            {
                "to": {
                    "startLine": 16,
                    "startColumn": 4,
                    "startOffset": 1493,
                    "endColumn": 107,
                    "endOffset": 1596
                },
                "from": {
                    "file": "C:\\Users\\ASUS\\Desktop\\VirtualEyeDoc\\app\\build\\intermediates\\exploded-aar\\com.android.support\\appcompat-v7\\23.1.1\\res\\values-gl-rES\\values-gl-rES.xml",
                    "position": {
                        "startLine": 18,
                        "startColumn": 4,
                        "startOffset": 1671,
                        "endColumn": 107,
                        "endOffset": 1774
                    }
                }
            },
            {
                "to": {
                    "startLine": 17,
                    "startColumn": 4,
                    "startOffset": 1601,
                    "endColumn": 102,
                    "endOffset": 1699
                },
                "from": {
                    "file": "C:\\Users\\ASUS\\Desktop\\VirtualEyeDoc\\app\\build\\intermediates\\exploded-aar\\com.android.support\\appcompat-v7\\23.1.1\\res\\values-gl-rES\\values-gl-rES.xml",
                    "position": {
                        "startLine": 19,
                        "startColumn": 4,
                        "startOffset": 1779,
                        "endColumn": 102,
                        "endOffset": 1877
                    }
                }
            },
            {
                "to": {
                    "startLine": 18,
                    "startColumn": 4,
                    "startOffset": 1704,
                    "endColumn": 106,
                    "endOffset": 1806
                },
                "from": {
                    "file": "C:\\Users\\ASUS\\Desktop\\VirtualEyeDoc\\app\\build\\intermediates\\exploded-aar\\com.android.support\\appcompat-v7\\23.1.1\\res\\values-gl-rES\\values-gl-rES.xml",
                    "position": {
                        "startLine": 20,
                        "startColumn": 4,
                        "startOffset": 1882,
                        "endColumn": 106,
                        "endOffset": 1984
                    }
                }
            },
            {
                "to": {
                    "startLine": 19,
                    "startColumn": 4,
                    "startOffset": 1811,
                    "endColumn": 121,
                    "endOffset": 1928
                },
                "from": {
                    "file": "C:\\Users\\ASUS\\Desktop\\VirtualEyeDoc\\app\\build\\intermediates\\exploded-aar\\com.android.support\\appcompat-v7\\23.1.1\\res\\values-gl-rES\\values-gl-rES.xml",
                    "position": {
                        "startLine": 21,
                        "startColumn": 4,
                        "startOffset": 1989,
                        "endColumn": 121,
                        "endOffset": 2106
                    }
                }
            },
            {
                "to": {
                    "startLine": 20,
                    "startColumn": 4,
                    "startOffset": 1933,
                    "endColumn": 99,
                    "endOffset": 2028
                },
                "from": {
                    "file": "C:\\Users\\ASUS\\Desktop\\VirtualEyeDoc\\app\\build\\intermediates\\exploded-aar\\com.android.support\\appcompat-v7\\23.1.1\\res\\values-gl-rES\\values-gl-rES.xml",
                    "position": {
                        "startLine": 22,
                        "startColumn": 4,
                        "startOffset": 2111,
                        "endColumn": 99,
                        "endOffset": 2206
                    }
                }
            },
            {
                "to": {
                    "startLine": 21,
                    "startColumn": 4,
                    "startOffset": 2033,
                    "endColumn": 100,
                    "endOffset": 2129
                },
                "from": {
                    "file": "C:\\Users\\ASUS\\Desktop\\VirtualEyeDoc\\app\\build\\intermediates\\exploded-aar\\com.android.support\\appcompat-v7\\23.1.1\\res\\values-gl-rES\\values-gl-rES.xml",
                    "position": {
                        "startLine": 23,
                        "startColumn": 4,
                        "startOffset": 2211,
                        "endColumn": 100,
                        "endOffset": 2307
                    }
                }
            }
        ]
    },
    {
        "outputFile": "D:\\VirtualEyeDocFinal\\VirtualEyeDoc\\app\\build\\intermediates\\res\\merged\\debug\\values-gl-rES\\values-gl-rES.xml",
        "map": [
            {
                "to": {
                    "startLine": 2,
                    "startColumn": 4,
                    "startOffset": 55,
                    "endColumn": 111,
                    "endOffset": 162
                },
                "from": {
                    "file": "D:\\VirtualEyeDocFinal\\VirtualEyeDoc\\app\\build\\intermediates\\exploded-aar\\com.android.support\\appcompat-v7\\23.1.1\\res\\values-gl-rES\\values-gl-rES.xml",
                    "position": {
                        "startLine": 4,
                        "startColumn": 4,
                        "startOffset": 233,
                        "endColumn": 111,
                        "endOffset": 340
                    }
                }
            },
            {
                "to": {
                    "startLine": 3,
                    "startColumn": 4,
                    "startOffset": 167,
                    "endColumn": 107,
                    "endOffset": 270
                },
                "from": {
                    "file": "D:\\VirtualEyeDocFinal\\VirtualEyeDoc\\app\\build\\intermediates\\exploded-aar\\com.android.support\\appcompat-v7\\23.1.1\\res\\values-gl-rES\\values-gl-rES.xml",
                    "position": {
                        "startLine": 5,
                        "startColumn": 4,
                        "startOffset": 345,
                        "endColumn": 107,
                        "endOffset": 448
                    }
                }
            },
            {
                "to": {
                    "startLine": 4,
                    "startColumn": 4,
                    "startOffset": 275,
                    "endColumn": 122,
                    "endOffset": 393
                },
                "from": {
                    "file": "D:\\VirtualEyeDocFinal\\VirtualEyeDoc\\app\\build\\intermediates\\exploded-aar\\com.android.support\\appcompat-v7\\23.1.1\\res\\values-gl-rES\\values-gl-rES.xml",
                    "position": {
                        "startLine": 6,
                        "startColumn": 4,
                        "startOffset": 453,
                        "endColumn": 122,
                        "endOffset": 571
                    }
                }
            },
            {
                "to": {
                    "startLine": 5,
                    "startColumn": 4,
                    "startOffset": 398,
                    "endColumn": 111,
                    "endOffset": 505
                },
                "from": {
                    "file": "D:\\VirtualEyeDocFinal\\VirtualEyeDoc\\app\\build\\intermediates\\exploded-aar\\com.android.support\\appcompat-v7\\23.1.1\\res\\values-gl-rES\\values-gl-rES.xml",
                    "position": {
                        "startLine": 7,
                        "startColumn": 4,
                        "startOffset": 576,
                        "endColumn": 111,
                        "endOffset": 683
                    }
                }
            },
            {
                "to": {
                    "startLine": 6,
                    "startColumn": 4,
                    "startOffset": 510,
                    "endColumn": 107,
                    "endOffset": 613
                },
                "from": {
                    "file": "D:\\VirtualEyeDocFinal\\VirtualEyeDoc\\app\\build\\intermediates\\exploded-aar\\com.android.support\\appcompat-v7\\23.1.1\\res\\values-gl-rES\\values-gl-rES.xml",
                    "position": {
                        "startLine": 8,
                        "startColumn": 4,
                        "startOffset": 688,
                        "endColumn": 107,
                        "endOffset": 791
                    }
                }
            },
            {
                "to": {
                    "startLine": 7,
                    "startColumn": 4,
                    "startOffset": 618,
                    "endColumn": 84,
                    "endOffset": 698
                },
                "from": {
                    "file": "D:\\VirtualEyeDocFinal\\VirtualEyeDoc\\app\\build\\intermediates\\exploded-aar\\com.android.support\\appcompat-v7\\23.1.1\\res\\values-gl-rES\\values-gl-rES.xml",
                    "position": {
                        "startLine": 9,
                        "startColumn": 4,
                        "startOffset": 796,
                        "endColumn": 84,
                        "endOffset": 876
                    }
                }
            },
            {
                "to": {
                    "startLine": 8,
                    "startColumn": 4,
                    "startOffset": 703,
                    "endColumn": 101,
                    "endOffset": 800
                },
                "from": {
                    "file": "D:\\VirtualEyeDocFinal\\VirtualEyeDoc\\app\\build\\intermediates\\exploded-aar\\com.android.support\\appcompat-v7\\23.1.1\\res\\values-gl-rES\\values-gl-rES.xml",
                    "position": {
                        "startLine": 10,
                        "startColumn": 4,
                        "startOffset": 881,
                        "endColumn": 101,
                        "endOffset": 978
                    }
                }
            },
            {
                "to": {
                    "startLine": 9,
                    "startColumn": 4,
                    "startOffset": 805,
                    "endColumn": 125,
                    "endOffset": 926
                },
                "from": {
                    "file": "D:\\VirtualEyeDocFinal\\VirtualEyeDoc\\app\\build\\intermediates\\exploded-aar\\com.android.support\\appcompat-v7\\23.1.1\\res\\values-gl-rES\\values-gl-rES.xml",
                    "position": {
                        "startLine": 11,
                        "startColumn": 4,
                        "startOffset": 983,
                        "endColumn": 125,
                        "endOffset": 1104
                    }
                }
            },
            {
                "to": {
                    "startLine": 10,
                    "startColumn": 4,
                    "startOffset": 931,
                    "endColumn": 83,
                    "endOffset": 1010
                },
                "from": {
                    "file": "D:\\VirtualEyeDocFinal\\VirtualEyeDoc\\app\\build\\intermediates\\exploded-aar\\com.android.support\\appcompat-v7\\23.1.1\\res\\values-gl-rES\\values-gl-rES.xml",
                    "position": {
                        "startLine": 12,
                        "startColumn": 4,
                        "startOffset": 1109,
                        "endColumn": 83,
                        "endOffset": 1188
                    }
                }
            },
            {
                "to": {
                    "startLine": 11,
                    "startColumn": 4,
                    "startOffset": 1015,
                    "endColumn": 80,
                    "endOffset": 1091
                },
                "from": {
                    "file": "D:\\VirtualEyeDocFinal\\VirtualEyeDoc\\app\\build\\intermediates\\exploded-aar\\com.android.support\\appcompat-v7\\23.1.1\\res\\values-gl-rES\\values-gl-rES.xml",
                    "position": {
                        "startLine": 13,
                        "startColumn": 4,
                        "startOffset": 1193,
                        "endColumn": 80,
                        "endOffset": 1269
                    }
                }
            },
            {
                "to": {
                    "startLine": 12,
                    "startColumn": 4,
                    "startOffset": 1096,
                    "endColumn": 81,
                    "endOffset": 1173
                },
                "from": {
                    "file": "D:\\VirtualEyeDocFinal\\VirtualEyeDoc\\app\\build\\intermediates\\exploded-aar\\com.android.support\\appcompat-v7\\23.1.1\\res\\values-gl-rES\\values-gl-rES.xml",
                    "position": {
                        "startLine": 14,
                        "startColumn": 4,
                        "startOffset": 1274,
                        "endColumn": 81,
                        "endOffset": 1351
                    }
                }
            },
            {
                "to": {
                    "startLine": 13,
                    "startColumn": 4,
                    "startOffset": 1178,
                    "endColumn": 106,
                    "endOffset": 1280
                },
                "from": {
                    "file": "D:\\VirtualEyeDocFinal\\VirtualEyeDoc\\app\\build\\intermediates\\exploded-aar\\com.android.support\\appcompat-v7\\23.1.1\\res\\values-gl-rES\\values-gl-rES.xml",
                    "position": {
                        "startLine": 15,
                        "startColumn": 4,
                        "startOffset": 1356,
                        "endColumn": 106,
                        "endOffset": 1458
                    }
                }
            },
            {
                "to": {
                    "startLine": 14,
                    "startColumn": 4,
                    "startOffset": 1285,
                    "endColumn": 108,
                    "endOffset": 1389
                },
                "from": {
                    "file": "D:\\VirtualEyeDocFinal\\VirtualEyeDoc\\app\\build\\intermediates\\exploded-aar\\com.android.support\\appcompat-v7\\23.1.1\\res\\values-gl-rES\\values-gl-rES.xml",
                    "position": {
                        "startLine": 16,
                        "startColumn": 4,
                        "startOffset": 1463,
                        "endColumn": 108,
                        "endOffset": 1567
                    }
                }
            },
            {
                "to": {
                    "startLine": 15,
                    "startColumn": 4,
                    "startOffset": 1394,
                    "endColumn": 98,
                    "endOffset": 1488
                },
                "from": {
                    "file": "D:\\VirtualEyeDocFinal\\VirtualEyeDoc\\app\\build\\intermediates\\exploded-aar\\com.android.support\\appcompat-v7\\23.1.1\\res\\values-gl-rES\\values-gl-rES.xml",
                    "position": {
                        "startLine": 17,
                        "startColumn": 4,
                        "startOffset": 1572,
                        "endColumn": 98,
                        "endOffset": 1666
                    }
                }
            },
            {
                "to": {
                    "startLine": 16,
                    "startColumn": 4,
                    "startOffset": 1493,
                    "endColumn": 107,
                    "endOffset": 1596
                },
                "from": {
                    "file": "D:\\VirtualEyeDocFinal\\VirtualEyeDoc\\app\\build\\intermediates\\exploded-aar\\com.android.support\\appcompat-v7\\23.1.1\\res\\values-gl-rES\\values-gl-rES.xml",
                    "position": {
                        "startLine": 18,
                        "startColumn": 4,
                        "startOffset": 1671,
                        "endColumn": 107,
                        "endOffset": 1774
                    }
                }
            },
            {
                "to": {
                    "startLine": 17,
                    "startColumn": 4,
                    "startOffset": 1601,
                    "endColumn": 102,
                    "endOffset": 1699
                },
                "from": {
                    "file": "D:\\VirtualEyeDocFinal\\VirtualEyeDoc\\app\\build\\intermediates\\exploded-aar\\com.android.support\\appcompat-v7\\23.1.1\\res\\values-gl-rES\\values-gl-rES.xml",
                    "position": {
                        "startLine": 19,
                        "startColumn": 4,
                        "startOffset": 1779,
                        "endColumn": 102,
                        "endOffset": 1877
                    }
                }
            },
            {
                "to": {
                    "startLine": 18,
                    "startColumn": 4,
                    "startOffset": 1704,
                    "endColumn": 106,
                    "endOffset": 1806
                },
                "from": {
                    "file": "D:\\VirtualEyeDocFinal\\VirtualEyeDoc\\app\\build\\intermediates\\exploded-aar\\com.android.support\\appcompat-v7\\23.1.1\\res\\values-gl-rES\\values-gl-rES.xml",
                    "position": {
                        "startLine": 20,
                        "startColumn": 4,
                        "startOffset": 1882,
                        "endColumn": 106,
                        "endOffset": 1984
                    }
                }
            },
            {
                "to": {
                    "startLine": 19,
                    "startColumn": 4,
                    "startOffset": 1811,
                    "endColumn": 121,
                    "endOffset": 1928
                },
                "from": {
                    "file": "D:\\VirtualEyeDocFinal\\VirtualEyeDoc\\app\\build\\intermediates\\exploded-aar\\com.android.support\\appcompat-v7\\23.1.1\\res\\values-gl-rES\\values-gl-rES.xml",
                    "position": {
                        "startLine": 21,
                        "startColumn": 4,
                        "startOffset": 1989,
                        "endColumn": 121,
                        "endOffset": 2106
                    }
                }
            },
            {
                "to": {
                    "startLine": 20,
                    "startColumn": 4,
                    "startOffset": 1933,
                    "endColumn": 99,
                    "endOffset": 2028
                },
                "from": {
                    "file": "D:\\VirtualEyeDocFinal\\VirtualEyeDoc\\app\\build\\intermediates\\exploded-aar\\com.android.support\\appcompat-v7\\23.1.1\\res\\values-gl-rES\\values-gl-rES.xml",
                    "position": {
                        "startLine": 22,
                        "startColumn": 4,
                        "startOffset": 2111,
                        "endColumn": 99,
                        "endOffset": 2206
                    }
                }
            },
            {
                "to": {
                    "startLine": 21,
                    "startColumn": 4,
                    "startOffset": 2033,
                    "endColumn": 100,
                    "endOffset": 2129
                },
                "from": {
                    "file": "D:\\VirtualEyeDocFinal\\VirtualEyeDoc\\app\\build\\intermediates\\exploded-aar\\com.android.support\\appcompat-v7\\23.1.1\\res\\values-gl-rES\\values-gl-rES.xml",
                    "position": {
                        "startLine": 23,
                        "startColumn": 4,
                        "startOffset": 2211,
                        "endColumn": 100,
                        "endOffset": 2307
                    }
                }
            }
        ]
    },
    {
        "outputFile": "D:\\projects\\VirtualEyeDoc\\app\\build\\intermediates\\res\\merged\\debug\\values-gl-rES\\values-gl-rES.xml",
        "map": [
            {
                "to": {
                    "startLine": 2,
                    "startColumn": 4,
                    "startOffset": 55,
                    "endColumn": 111,
                    "endOffset": 162
                },
                "from": {
                    "file": "D:\\projects\\VirtualEyeDoc\\app\\build\\intermediates\\exploded-aar\\com.android.support\\appcompat-v7\\23.1.1\\res\\values-gl-rES\\values-gl-rES.xml",
                    "position": {
                        "startLine": 4,
                        "startColumn": 4,
                        "startOffset": 233,
                        "endColumn": 111,
                        "endOffset": 340
                    }
                }
            },
            {
                "to": {
                    "startLine": 3,
                    "startColumn": 4,
                    "startOffset": 167,
                    "endColumn": 107,
                    "endOffset": 270
                },
                "from": {
                    "file": "D:\\projects\\VirtualEyeDoc\\app\\build\\intermediates\\exploded-aar\\com.android.support\\appcompat-v7\\23.1.1\\res\\values-gl-rES\\values-gl-rES.xml",
                    "position": {
                        "startLine": 5,
                        "startColumn": 4,
                        "startOffset": 345,
                        "endColumn": 107,
                        "endOffset": 448
                    }
                }
            },
            {
                "to": {
                    "startLine": 4,
                    "startColumn": 4,
                    "startOffset": 275,
                    "endColumn": 122,
                    "endOffset": 393
                },
                "from": {
                    "file": "D:\\projects\\VirtualEyeDoc\\app\\build\\intermediates\\exploded-aar\\com.android.support\\appcompat-v7\\23.1.1\\res\\values-gl-rES\\values-gl-rES.xml",
                    "position": {
                        "startLine": 6,
                        "startColumn": 4,
                        "startOffset": 453,
                        "endColumn": 122,
                        "endOffset": 571
                    }
                }
            },
            {
                "to": {
                    "startLine": 5,
                    "startColumn": 4,
                    "startOffset": 398,
                    "endColumn": 111,
                    "endOffset": 505
                },
                "from": {
                    "file": "D:\\projects\\VirtualEyeDoc\\app\\build\\intermediates\\exploded-aar\\com.android.support\\appcompat-v7\\23.1.1\\res\\values-gl-rES\\values-gl-rES.xml",
                    "position": {
                        "startLine": 7,
                        "startColumn": 4,
                        "startOffset": 576,
                        "endColumn": 111,
                        "endOffset": 683
                    }
                }
            },
            {
                "to": {
                    "startLine": 6,
                    "startColumn": 4,
                    "startOffset": 510,
                    "endColumn": 107,
                    "endOffset": 613
                },
                "from": {
                    "file": "D:\\projects\\VirtualEyeDoc\\app\\build\\intermediates\\exploded-aar\\com.android.support\\appcompat-v7\\23.1.1\\res\\values-gl-rES\\values-gl-rES.xml",
                    "position": {
                        "startLine": 8,
                        "startColumn": 4,
                        "startOffset": 688,
                        "endColumn": 107,
                        "endOffset": 791
                    }
                }
            },
            {
                "to": {
                    "startLine": 7,
                    "startColumn": 4,
                    "startOffset": 618,
                    "endColumn": 84,
                    "endOffset": 698
                },
                "from": {
                    "file": "D:\\projects\\VirtualEyeDoc\\app\\build\\intermediates\\exploded-aar\\com.android.support\\appcompat-v7\\23.1.1\\res\\values-gl-rES\\values-gl-rES.xml",
                    "position": {
                        "startLine": 9,
                        "startColumn": 4,
                        "startOffset": 796,
                        "endColumn": 84,
                        "endOffset": 876
                    }
                }
            },
            {
                "to": {
                    "startLine": 8,
                    "startColumn": 4,
                    "startOffset": 703,
                    "endColumn": 101,
                    "endOffset": 800
                },
                "from": {
                    "file": "D:\\projects\\VirtualEyeDoc\\app\\build\\intermediates\\exploded-aar\\com.android.support\\appcompat-v7\\23.1.1\\res\\values-gl-rES\\values-gl-rES.xml",
                    "position": {
                        "startLine": 10,
                        "startColumn": 4,
                        "startOffset": 881,
                        "endColumn": 101,
                        "endOffset": 978
                    }
                }
            },
            {
                "to": {
                    "startLine": 9,
                    "startColumn": 4,
                    "startOffset": 805,
                    "endColumn": 125,
                    "endOffset": 926
                },
                "from": {
                    "file": "D:\\projects\\VirtualEyeDoc\\app\\build\\intermediates\\exploded-aar\\com.android.support\\appcompat-v7\\23.1.1\\res\\values-gl-rES\\values-gl-rES.xml",
                    "position": {
                        "startLine": 11,
                        "startColumn": 4,
                        "startOffset": 983,
                        "endColumn": 125,
                        "endOffset": 1104
                    }
                }
            },
            {
                "to": {
                    "startLine": 10,
                    "startColumn": 4,
                    "startOffset": 931,
                    "endColumn": 83,
                    "endOffset": 1010
                },
                "from": {
                    "file": "D:\\projects\\VirtualEyeDoc\\app\\build\\intermediates\\exploded-aar\\com.android.support\\appcompat-v7\\23.1.1\\res\\values-gl-rES\\values-gl-rES.xml",
                    "position": {
                        "startLine": 12,
                        "startColumn": 4,
                        "startOffset": 1109,
                        "endColumn": 83,
                        "endOffset": 1188
                    }
                }
            },
            {
                "to": {
                    "startLine": 11,
                    "startColumn": 4,
                    "startOffset": 1015,
                    "endColumn": 80,
                    "endOffset": 1091
                },
                "from": {
                    "file": "D:\\projects\\VirtualEyeDoc\\app\\build\\intermediates\\exploded-aar\\com.android.support\\appcompat-v7\\23.1.1\\res\\values-gl-rES\\values-gl-rES.xml",
                    "position": {
                        "startLine": 13,
                        "startColumn": 4,
                        "startOffset": 1193,
                        "endColumn": 80,
                        "endOffset": 1269
                    }
                }
            },
            {
                "to": {
                    "startLine": 12,
                    "startColumn": 4,
                    "startOffset": 1096,
                    "endColumn": 81,
                    "endOffset": 1173
                },
                "from": {
                    "file": "D:\\projects\\VirtualEyeDoc\\app\\build\\intermediates\\exploded-aar\\com.android.support\\appcompat-v7\\23.1.1\\res\\values-gl-rES\\values-gl-rES.xml",
                    "position": {
                        "startLine": 14,
                        "startColumn": 4,
                        "startOffset": 1274,
                        "endColumn": 81,
                        "endOffset": 1351
                    }
                }
            },
            {
                "to": {
                    "startLine": 13,
                    "startColumn": 4,
                    "startOffset": 1178,
                    "endColumn": 106,
                    "endOffset": 1280
                },
                "from": {
                    "file": "D:\\projects\\VirtualEyeDoc\\app\\build\\intermediates\\exploded-aar\\com.android.support\\appcompat-v7\\23.1.1\\res\\values-gl-rES\\values-gl-rES.xml",
                    "position": {
                        "startLine": 15,
                        "startColumn": 4,
                        "startOffset": 1356,
                        "endColumn": 106,
                        "endOffset": 1458
                    }
                }
            },
            {
                "to": {
                    "startLine": 14,
                    "startColumn": 4,
                    "startOffset": 1285,
                    "endColumn": 108,
                    "endOffset": 1389
                },
                "from": {
                    "file": "D:\\projects\\VirtualEyeDoc\\app\\build\\intermediates\\exploded-aar\\com.android.support\\appcompat-v7\\23.1.1\\res\\values-gl-rES\\values-gl-rES.xml",
                    "position": {
                        "startLine": 16,
                        "startColumn": 4,
                        "startOffset": 1463,
                        "endColumn": 108,
                        "endOffset": 1567
                    }
                }
            },
            {
                "to": {
                    "startLine": 15,
                    "startColumn": 4,
                    "startOffset": 1394,
                    "endColumn": 98,
                    "endOffset": 1488
                },
                "from": {
                    "file": "D:\\projects\\VirtualEyeDoc\\app\\build\\intermediates\\exploded-aar\\com.android.support\\appcompat-v7\\23.1.1\\res\\values-gl-rES\\values-gl-rES.xml",
                    "position": {
                        "startLine": 17,
                        "startColumn": 4,
                        "startOffset": 1572,
                        "endColumn": 98,
                        "endOffset": 1666
                    }
                }
            },
            {
                "to": {
                    "startLine": 16,
                    "startColumn": 4,
                    "startOffset": 1493,
                    "endColumn": 107,
                    "endOffset": 1596
                },
                "from": {
                    "file": "D:\\projects\\VirtualEyeDoc\\app\\build\\intermediates\\exploded-aar\\com.android.support\\appcompat-v7\\23.1.1\\res\\values-gl-rES\\values-gl-rES.xml",
                    "position": {
                        "startLine": 18,
                        "startColumn": 4,
                        "startOffset": 1671,
                        "endColumn": 107,
                        "endOffset": 1774
                    }
                }
            },
            {
                "to": {
                    "startLine": 17,
                    "startColumn": 4,
                    "startOffset": 1601,
                    "endColumn": 102,
                    "endOffset": 1699
                },
                "from": {
                    "file": "D:\\projects\\VirtualEyeDoc\\app\\build\\intermediates\\exploded-aar\\com.android.support\\appcompat-v7\\23.1.1\\res\\values-gl-rES\\values-gl-rES.xml",
                    "position": {
                        "startLine": 19,
                        "startColumn": 4,
                        "startOffset": 1779,
                        "endColumn": 102,
                        "endOffset": 1877
                    }
                }
            },
            {
                "to": {
                    "startLine": 18,
                    "startColumn": 4,
                    "startOffset": 1704,
                    "endColumn": 106,
                    "endOffset": 1806
                },
                "from": {
                    "file": "D:\\projects\\VirtualEyeDoc\\app\\build\\intermediates\\exploded-aar\\com.android.support\\appcompat-v7\\23.1.1\\res\\values-gl-rES\\values-gl-rES.xml",
                    "position": {
                        "startLine": 20,
                        "startColumn": 4,
                        "startOffset": 1882,
                        "endColumn": 106,
                        "endOffset": 1984
                    }
                }
            },
            {
                "to": {
                    "startLine": 19,
                    "startColumn": 4,
                    "startOffset": 1811,
                    "endColumn": 121,
                    "endOffset": 1928
                },
                "from": {
                    "file": "D:\\projects\\VirtualEyeDoc\\app\\build\\intermediates\\exploded-aar\\com.android.support\\appcompat-v7\\23.1.1\\res\\values-gl-rES\\values-gl-rES.xml",
                    "position": {
                        "startLine": 21,
                        "startColumn": 4,
                        "startOffset": 1989,
                        "endColumn": 121,
                        "endOffset": 2106
                    }
                }
            },
            {
                "to": {
                    "startLine": 20,
                    "startColumn": 4,
                    "startOffset": 1933,
                    "endColumn": 99,
                    "endOffset": 2028
                },
                "from": {
                    "file": "D:\\projects\\VirtualEyeDoc\\app\\build\\intermediates\\exploded-aar\\com.android.support\\appcompat-v7\\23.1.1\\res\\values-gl-rES\\values-gl-rES.xml",
                    "position": {
                        "startLine": 22,
                        "startColumn": 4,
                        "startOffset": 2111,
                        "endColumn": 99,
                        "endOffset": 2206
                    }
                }
            },
            {
                "to": {
                    "startLine": 21,
                    "startColumn": 4,
                    "startOffset": 2033,
                    "endColumn": 100,
                    "endOffset": 2129
                },
                "from": {
                    "file": "D:\\projects\\VirtualEyeDoc\\app\\build\\intermediates\\exploded-aar\\com.android.support\\appcompat-v7\\23.1.1\\res\\values-gl-rES\\values-gl-rES.xml",
                    "position": {
                        "startLine": 23,
                        "startColumn": 4,
                        "startOffset": 2211,
                        "endColumn": 100,
                        "endOffset": 2307
                    }
                }
            }
        ]
    },
    {
        "outputFile": "C:\\Users\\Shaborni\\AndroidStudioProjects\\VirtualEyeDoc\\app\\build\\intermediates\\res\\merged\\debug\\values-gl-rES\\values-gl-rES.xml",
        "map": [
            {
                "to": {
                    "startLine": 2,
                    "startColumn": 4,
                    "startOffset": 55,
                    "endColumn": 111,
                    "endOffset": 162
                },
                "from": {
                    "file": "C:\\Users\\Shaborni\\AndroidStudioProjects\\VirtualEyeDoc\\app\\build\\intermediates\\exploded-aar\\com.android.support\\appcompat-v7\\23.1.1\\res\\values-gl-rES\\values-gl-rES.xml",
                    "position": {
                        "startLine": 4,
                        "startColumn": 4,
                        "startOffset": 233,
                        "endColumn": 111,
                        "endOffset": 340
                    }
                }
            },
            {
                "to": {
                    "startLine": 3,
                    "startColumn": 4,
                    "startOffset": 167,
                    "endColumn": 107,
                    "endOffset": 270
                },
                "from": {
                    "file": "C:\\Users\\Shaborni\\AndroidStudioProjects\\VirtualEyeDoc\\app\\build\\intermediates\\exploded-aar\\com.android.support\\appcompat-v7\\23.1.1\\res\\values-gl-rES\\values-gl-rES.xml",
                    "position": {
                        "startLine": 5,
                        "startColumn": 4,
                        "startOffset": 345,
                        "endColumn": 107,
                        "endOffset": 448
                    }
                }
            },
            {
                "to": {
                    "startLine": 4,
                    "startColumn": 4,
                    "startOffset": 275,
                    "endColumn": 122,
                    "endOffset": 393
                },
                "from": {
                    "file": "C:\\Users\\Shaborni\\AndroidStudioProjects\\VirtualEyeDoc\\app\\build\\intermediates\\exploded-aar\\com.android.support\\appcompat-v7\\23.1.1\\res\\values-gl-rES\\values-gl-rES.xml",
                    "position": {
                        "startLine": 6,
                        "startColumn": 4,
                        "startOffset": 453,
                        "endColumn": 122,
                        "endOffset": 571
                    }
                }
            },
            {
                "to": {
                    "startLine": 5,
                    "startColumn": 4,
                    "startOffset": 398,
                    "endColumn": 111,
                    "endOffset": 505
                },
                "from": {
                    "file": "C:\\Users\\Shaborni\\AndroidStudioProjects\\VirtualEyeDoc\\app\\build\\intermediates\\exploded-aar\\com.android.support\\appcompat-v7\\23.1.1\\res\\values-gl-rES\\values-gl-rES.xml",
                    "position": {
                        "startLine": 7,
                        "startColumn": 4,
                        "startOffset": 576,
                        "endColumn": 111,
                        "endOffset": 683
                    }
                }
            },
            {
                "to": {
                    "startLine": 6,
                    "startColumn": 4,
                    "startOffset": 510,
                    "endColumn": 107,
                    "endOffset": 613
                },
                "from": {
                    "file": "C:\\Users\\Shaborni\\AndroidStudioProjects\\VirtualEyeDoc\\app\\build\\intermediates\\exploded-aar\\com.android.support\\appcompat-v7\\23.1.1\\res\\values-gl-rES\\values-gl-rES.xml",
                    "position": {
                        "startLine": 8,
                        "startColumn": 4,
                        "startOffset": 688,
                        "endColumn": 107,
                        "endOffset": 791
                    }
                }
            },
            {
                "to": {
                    "startLine": 7,
                    "startColumn": 4,
                    "startOffset": 618,
                    "endColumn": 84,
                    "endOffset": 698
                },
                "from": {
                    "file": "C:\\Users\\Shaborni\\AndroidStudioProjects\\VirtualEyeDoc\\app\\build\\intermediates\\exploded-aar\\com.android.support\\appcompat-v7\\23.1.1\\res\\values-gl-rES\\values-gl-rES.xml",
                    "position": {
                        "startLine": 9,
                        "startColumn": 4,
                        "startOffset": 796,
                        "endColumn": 84,
                        "endOffset": 876
                    }
                }
            },
            {
                "to": {
                    "startLine": 8,
                    "startColumn": 4,
                    "startOffset": 703,
                    "endColumn": 101,
                    "endOffset": 800
                },
                "from": {
                    "file": "C:\\Users\\Shaborni\\AndroidStudioProjects\\VirtualEyeDoc\\app\\build\\intermediates\\exploded-aar\\com.android.support\\appcompat-v7\\23.1.1\\res\\values-gl-rES\\values-gl-rES.xml",
                    "position": {
                        "startLine": 10,
                        "startColumn": 4,
                        "startOffset": 881,
                        "endColumn": 101,
                        "endOffset": 978
                    }
                }
            },
            {
                "to": {
                    "startLine": 9,
                    "startColumn": 4,
                    "startOffset": 805,
                    "endColumn": 125,
                    "endOffset": 926
                },
                "from": {
                    "file": "C:\\Users\\Shaborni\\AndroidStudioProjects\\VirtualEyeDoc\\app\\build\\intermediates\\exploded-aar\\com.android.support\\appcompat-v7\\23.1.1\\res\\values-gl-rES\\values-gl-rES.xml",
                    "position": {
                        "startLine": 11,
                        "startColumn": 4,
                        "startOffset": 983,
                        "endColumn": 125,
                        "endOffset": 1104
                    }
                }
            },
            {
                "to": {
                    "startLine": 10,
                    "startColumn": 4,
                    "startOffset": 931,
                    "endColumn": 83,
                    "endOffset": 1010
                },
                "from": {
                    "file": "C:\\Users\\Shaborni\\AndroidStudioProjects\\VirtualEyeDoc\\app\\build\\intermediates\\exploded-aar\\com.android.support\\appcompat-v7\\23.1.1\\res\\values-gl-rES\\values-gl-rES.xml",
                    "position": {
                        "startLine": 12,
                        "startColumn": 4,
                        "startOffset": 1109,
                        "endColumn": 83,
                        "endOffset": 1188
                    }
                }
            },
            {
                "to": {
                    "startLine": 11,
                    "startColumn": 4,
                    "startOffset": 1015,
                    "endColumn": 80,
                    "endOffset": 1091
                },
                "from": {
                    "file": "C:\\Users\\Shaborni\\AndroidStudioProjects\\VirtualEyeDoc\\app\\build\\intermediates\\exploded-aar\\com.android.support\\appcompat-v7\\23.1.1\\res\\values-gl-rES\\values-gl-rES.xml",
                    "position": {
                        "startLine": 13,
                        "startColumn": 4,
                        "startOffset": 1193,
                        "endColumn": 80,
                        "endOffset": 1269
                    }
                }
            },
            {
                "to": {
                    "startLine": 12,
                    "startColumn": 4,
                    "startOffset": 1096,
                    "endColumn": 81,
                    "endOffset": 1173
                },
                "from": {
                    "file": "C:\\Users\\Shaborni\\AndroidStudioProjects\\VirtualEyeDoc\\app\\build\\intermediates\\exploded-aar\\com.android.support\\appcompat-v7\\23.1.1\\res\\values-gl-rES\\values-gl-rES.xml",
                    "position": {
                        "startLine": 14,
                        "startColumn": 4,
                        "startOffset": 1274,
                        "endColumn": 81,
                        "endOffset": 1351
                    }
                }
            },
            {
                "to": {
                    "startLine": 13,
                    "startColumn": 4,
                    "startOffset": 1178,
                    "endColumn": 106,
                    "endOffset": 1280
                },
                "from": {
                    "file": "C:\\Users\\Shaborni\\AndroidStudioProjects\\VirtualEyeDoc\\app\\build\\intermediates\\exploded-aar\\com.android.support\\appcompat-v7\\23.1.1\\res\\values-gl-rES\\values-gl-rES.xml",
                    "position": {
                        "startLine": 15,
                        "startColumn": 4,
                        "startOffset": 1356,
                        "endColumn": 106,
                        "endOffset": 1458
                    }
                }
            },
            {
                "to": {
                    "startLine": 14,
                    "startColumn": 4,
                    "startOffset": 1285,
                    "endColumn": 108,
                    "endOffset": 1389
                },
                "from": {
                    "file": "C:\\Users\\Shaborni\\AndroidStudioProjects\\VirtualEyeDoc\\app\\build\\intermediates\\exploded-aar\\com.android.support\\appcompat-v7\\23.1.1\\res\\values-gl-rES\\values-gl-rES.xml",
                    "position": {
                        "startLine": 16,
                        "startColumn": 4,
                        "startOffset": 1463,
                        "endColumn": 108,
                        "endOffset": 1567
                    }
                }
            },
            {
                "to": {
                    "startLine": 15,
                    "startColumn": 4,
                    "startOffset": 1394,
                    "endColumn": 98,
                    "endOffset": 1488
                },
                "from": {
                    "file": "C:\\Users\\Shaborni\\AndroidStudioProjects\\VirtualEyeDoc\\app\\build\\intermediates\\exploded-aar\\com.android.support\\appcompat-v7\\23.1.1\\res\\values-gl-rES\\values-gl-rES.xml",
                    "position": {
                        "startLine": 17,
                        "startColumn": 4,
                        "startOffset": 1572,
                        "endColumn": 98,
                        "endOffset": 1666
                    }
                }
            },
            {
                "to": {
                    "startLine": 16,
                    "startColumn": 4,
                    "startOffset": 1493,
                    "endColumn": 107,
                    "endOffset": 1596
                },
                "from": {
                    "file": "C:\\Users\\Shaborni\\AndroidStudioProjects\\VirtualEyeDoc\\app\\build\\intermediates\\exploded-aar\\com.android.support\\appcompat-v7\\23.1.1\\res\\values-gl-rES\\values-gl-rES.xml",
                    "position": {
                        "startLine": 18,
                        "startColumn": 4,
                        "startOffset": 1671,
                        "endColumn": 107,
                        "endOffset": 1774
                    }
                }
            },
            {
                "to": {
                    "startLine": 17,
                    "startColumn": 4,
                    "startOffset": 1601,
                    "endColumn": 102,
                    "endOffset": 1699
                },
                "from": {
                    "file": "C:\\Users\\Shaborni\\AndroidStudioProjects\\VirtualEyeDoc\\app\\build\\intermediates\\exploded-aar\\com.android.support\\appcompat-v7\\23.1.1\\res\\values-gl-rES\\values-gl-rES.xml",
                    "position": {
                        "startLine": 19,
                        "startColumn": 4,
                        "startOffset": 1779,
                        "endColumn": 102,
                        "endOffset": 1877
                    }
                }
            },
            {
                "to": {
                    "startLine": 18,
                    "startColumn": 4,
                    "startOffset": 1704,
                    "endColumn": 106,
                    "endOffset": 1806
                },
                "from": {
                    "file": "C:\\Users\\Shaborni\\AndroidStudioProjects\\VirtualEyeDoc\\app\\build\\intermediates\\exploded-aar\\com.android.support\\appcompat-v7\\23.1.1\\res\\values-gl-rES\\values-gl-rES.xml",
                    "position": {
                        "startLine": 20,
                        "startColumn": 4,
                        "startOffset": 1882,
                        "endColumn": 106,
                        "endOffset": 1984
                    }
                }
            },
            {
                "to": {
                    "startLine": 19,
                    "startColumn": 4,
                    "startOffset": 1811,
                    "endColumn": 121,
                    "endOffset": 1928
                },
                "from": {
                    "file": "C:\\Users\\Shaborni\\AndroidStudioProjects\\VirtualEyeDoc\\app\\build\\intermediates\\exploded-aar\\com.android.support\\appcompat-v7\\23.1.1\\res\\values-gl-rES\\values-gl-rES.xml",
                    "position": {
                        "startLine": 21,
                        "startColumn": 4,
                        "startOffset": 1989,
                        "endColumn": 121,
                        "endOffset": 2106
                    }
                }
            },
            {
                "to": {
                    "startLine": 20,
                    "startColumn": 4,
                    "startOffset": 1933,
                    "endColumn": 99,
                    "endOffset": 2028
                },
                "from": {
                    "file": "C:\\Users\\Shaborni\\AndroidStudioProjects\\VirtualEyeDoc\\app\\build\\intermediates\\exploded-aar\\com.android.support\\appcompat-v7\\23.1.1\\res\\values-gl-rES\\values-gl-rES.xml",
                    "position": {
                        "startLine": 22,
                        "startColumn": 4,
                        "startOffset": 2111,
                        "endColumn": 99,
                        "endOffset": 2206
                    }
                }
            },
            {
                "to": {
                    "startLine": 21,
                    "startColumn": 4,
                    "startOffset": 2033,
                    "endColumn": 100,
                    "endOffset": 2129
                },
                "from": {
                    "file": "C:\\Users\\Shaborni\\AndroidStudioProjects\\VirtualEyeDoc\\app\\build\\intermediates\\exploded-aar\\com.android.support\\appcompat-v7\\23.1.1\\res\\values-gl-rES\\values-gl-rES.xml",
                    "position": {
                        "startLine": 23,
                        "startColumn": 4,
                        "startOffset": 2211,
                        "endColumn": 100,
                        "endOffset": 2307
                    }
                }
            }
        ]
    }
]