<?xml version="1.0" encoding="utf-8"?>
<merger version="3"><dataSet config="23.1.1"><source path="C:\Users\Shaborni\AndroidStudioProjects\VirtualEyeDoc\app\build\intermediates\exploded-aar\com.android.support\support-v4\23.1.1\assets"/></dataSet><dataSet config="23.1.1"><source path="C:\Users\Shaborni\AndroidStudioProjects\VirtualEyeDoc\app\build\intermediates\exploded-aar\com.android.support\recyclerview-v7\23.1.1\assets"/></dataSet><dataSet config="23.1.1"><source path="C:\Users\Shaborni\AndroidStudioProjects\VirtualEyeDoc\app\build\intermediates\exploded-aar\com.android.support\appcompat-v7\23.1.1\assets"/></dataSet><dataSet config="23.1.1"><source path="C:\Users\Shaborni\AndroidStudioProjects\VirtualEyeDoc\app\build\intermediates\exploded-aar\com.android.support\design\23.1.1\assets"/></dataSet><dataSet config="main"><source path="C:\Users\Shaborni\AndroidStudioProjects\VirtualEyeDoc\app\src\main\assets"/></dataSet><dataSet config="debug"><source path="C:\Users\Shaborni\AndroidStudioProjects\VirtualEyeDoc\app\src\debug\assets"/></dataSet></merger>