[
    {
        "merged": "C:\\Users\\ASUS\\Desktop\\VirtualEyeDoc\\app\\build\\intermediates\\res\\merged\\debug\\drawable-v21\\ic_menu_slideshow.xml",
        "source": "C:\\Users\\ASUS\\Desktop\\VirtualEyeDoc\\app\\src\\main\\res\\drawable-v21\\ic_menu_slideshow.xml"
    },
    {
        "merged": "D:\\projects\\VirtualEyeDoc\\app\\build\\intermediates\\res\\merged\\debug\\drawable-v21\\abc_action_bar_item_background_material.xml",
        "source": "D:\\projects\\VirtualEyeDoc\\app\\build\\intermediates\\exploded-aar\\com.android.support\\appcompat-v7\\23.1.1\\res\\drawable-v21\\abc_action_bar_item_background_material.xml"
    },
    {
        "merged": "D:\\VirtualEyeDocFinal\\VirtualEyeDoc\\app\\build\\intermediates\\res\\merged\\debug\\drawable-v21\\ic_menu_gallery.xml",
        "source": "D:\\VirtualEyeDocFinal\\VirtualEyeDoc\\app\\src\\main\\res\\drawable-v21\\ic_menu_gallery.xml"
    },
    {
        "merged": "C:\\Users\\Shaborni\\AndroidStudioProjects\\VirtualEyeDoc\\app\\build\\intermediates\\res\\merged\\debug\\drawable-v21\\ic_menu_slideshow.xml",
        "source": "C:\\Users\\Shaborni\\AndroidStudioProjects\\VirtualEyeDoc\\app\\src\\main\\res\\drawable-v21\\ic_menu_slideshow.xml"
    },
    {
        "merged": "D:\\projects\\VirtualEyeDoc\\app\\build\\intermediates\\res\\merged\\debug\\drawable-v21\\ic_menu_gallery.xml",
        "source": "D:\\projects\\VirtualEyeDoc\\app\\src\\main\\res\\drawable-v21\\ic_menu_gallery.xml"
    },
    {
        "merged": "D:\\projects\\VirtualEyeDoc\\app\\build\\intermediates\\res\\merged\\debug\\drawable-v21\\ic_menu_share.xml",
        "source": "D:\\projects\\VirtualEyeDoc\\app\\src\\main\\res\\drawable-v21\\ic_menu_share.xml"
    },
    {
        "merged": "D:\\VirtualEyeDocFinal\\VirtualEyeDoc\\app\\build\\intermediates\\res\\merged\\debug\\drawable-v21\\ic_menu_send.xml",
        "source": "D:\\VirtualEyeDocFinal\\VirtualEyeDoc\\app\\src\\main\\res\\drawable-v21\\ic_menu_send.xml"
    },
    {
        "merged": "C:\\Users\\ASUS\\Desktop\\VirtualEyeDoc\\app\\build\\intermediates\\res\\merged\\debug\\drawable-v21\\ic_menu_send.xml",
        "source": "C:\\Users\\ASUS\\Desktop\\VirtualEyeDoc\\app\\src\\main\\res\\drawable-v21\\ic_menu_send.xml"
    },
    {
        "merged": "D:\\VirtualEyeDocFinal\\VirtualEyeDoc\\app\\build\\intermediates\\res\\merged\\debug\\drawable-v21\\abc_action_bar_item_background_material.xml",
        "source": "D:\\VirtualEyeDocFinal\\VirtualEyeDoc\\app\\build\\intermediates\\exploded-aar\\com.android.support\\appcompat-v7\\23.1.1\\res\\drawable-v21\\abc_action_bar_item_background_material.xml"
    },
    {
        "merged": "D:\\VirtualEyeDocFinal\\VirtualEyeDoc\\app\\build\\intermediates\\res\\merged\\debug\\drawable-v21\\ic_menu_manage.xml",
        "source": "D:\\VirtualEyeDocFinal\\VirtualEyeDoc\\app\\src\\main\\res\\drawable-v21\\ic_menu_manage.xml"
    },
    {
        "merged": "C:\\Users\\Shaborni\\AndroidStudioProjects\\VirtualEyeDoc\\app\\build\\intermediates\\res\\merged\\debug\\drawable-v21\\ic_menu_share.xml",
        "source": "C:\\Users\\Shaborni\\AndroidStudioProjects\\VirtualEyeDoc\\app\\src\\main\\res\\drawable-v21\\ic_menu_share.xml"
    },
    {
        "merged": "C:\\Users\\ASUS\\Desktop\\VirtualEyeDoc\\app\\build\\intermediates\\res\\merged\\debug\\drawable-v21\\ic_menu_manage.xml",
        "source": "C:\\Users\\ASUS\\Desktop\\VirtualEyeDoc\\app\\src\\main\\res\\drawable-v21\\ic_menu_manage.xml"
    },
    {
        "merged": "D:\\VirtualEyeDocFinal\\VirtualEyeDoc\\app\\build\\intermediates\\res\\merged\\debug\\drawable-v21\\ic_menu_slideshow.xml",
        "source": "D:\\VirtualEyeDocFinal\\VirtualEyeDoc\\app\\src\\main\\res\\drawable-v21\\ic_menu_slideshow.xml"
    },
    {
        "merged": "D:\\VirtualEyeDoc\\app\\build\\intermediates\\res\\merged\\debug\\drawable-v21\\ic_menu_manage.xml",
        "source": "D:\\VirtualEyeDoc\\app\\src\\main\\res\\drawable-v21\\ic_menu_manage.xml"
    },
    {
        "merged": "C:\\Users\\ASUS\\Desktop\\VirtualEyeDoc\\app\\build\\intermediates\\res\\merged\\debug\\drawable-v21\\abc_action_bar_item_background_material.xml",
        "source": "C:\\Users\\ASUS\\Desktop\\VirtualEyeDoc\\app\\build\\intermediates\\exploded-aar\\com.android.support\\appcompat-v7\\23.1.1\\res\\drawable-v21\\abc_action_bar_item_background_material.xml"
    },
    {
        "merged": "D:\\VirtualEyeDoc\\app\\build\\intermediates\\res\\merged\\debug\\drawable-v21\\one.png",
        "source": "D:\\VirtualEyeDoc\\app\\src\\main\\res\\drawable-v21\\one.png"
    },
    {
        "merged": "D:\\VirtualEyeDoc\\app\\build\\intermediates\\res\\merged\\debug\\drawable-v21\\ic_menu_share.xml",
        "source": "D:\\VirtualEyeDoc\\app\\src\\main\\res\\drawable-v21\\ic_menu_share.xml"
    },
    {
        "merged": "D:\\projects\\VirtualEyeDoc\\app\\build\\intermediates\\res\\merged\\debug\\drawable-v21\\ic_menu_manage.xml",
        "source": "D:\\projects\\VirtualEyeDoc\\app\\src\\main\\res\\drawable-v21\\ic_menu_manage.xml"
    },
    {
        "merged": "C:\\Users\\Shaborni\\AndroidStudioProjects\\VirtualEyeDoc\\app\\build\\intermediates\\res\\merged\\debug\\drawable-v21\\ic_menu_manage.xml",
        "source": "C:\\Users\\Shaborni\\AndroidStudioProjects\\VirtualEyeDoc\\app\\src\\main\\res\\drawable-v21\\ic_menu_manage.xml"
    },
    {
        "merged": "D:\\VirtualEyeDocFinal\\VirtualEyeDoc\\app\\build\\intermediates\\res\\merged\\debug\\drawable-v21\\abc_btn_colored_material.xml",
        "source": "D:\\VirtualEyeDocFinal\\VirtualEyeDoc\\app\\build\\intermediates\\exploded-aar\\com.android.support\\appcompat-v7\\23.1.1\\res\\drawable-v21\\abc_btn_colored_material.xml"
    },
    {
        "merged": "D:\\VirtualEyeDoc\\app\\build\\intermediates\\res\\merged\\debug\\drawable-v21\\abc_action_bar_item_background_material.xml",
        "source": "D:\\VirtualEyeDoc\\app\\build\\intermediates\\exploded-aar\\com.android.support\\appcompat-v7\\23.1.1\\res\\drawable-v21\\abc_action_bar_item_background_material.xml"
    },
    {
        "merged": "C:\\Users\\ASUS\\Desktop\\VirtualEyeDoc\\app\\build\\intermediates\\res\\merged\\debug\\drawable-v21\\ic_menu_gallery.xml",
        "source": "C:\\Users\\ASUS\\Desktop\\VirtualEyeDoc\\app\\src\\main\\res\\drawable-v21\\ic_menu_gallery.xml"
    },
    {
        "merged": "C:\\Users\\ASUS\\Desktop\\VirtualEyeDoc\\app\\build\\intermediates\\res\\merged\\debug\\drawable-v21\\abc_btn_colored_material.xml",
        "source": "C:\\Users\\ASUS\\Desktop\\VirtualEyeDoc\\app\\build\\intermediates\\exploded-aar\\com.android.support\\appcompat-v7\\23.1.1\\res\\drawable-v21\\abc_btn_colored_material.xml"
    },
    {
        "merged": "C:\\Users\\Shaborni\\AndroidStudioProjects\\VirtualEyeDoc\\app\\build\\intermediates\\res\\merged\\debug\\drawable-v21\\abc_btn_colored_material.xml",
        "source": "C:\\Users\\Shaborni\\AndroidStudioProjects\\VirtualEyeDoc\\app\\build\\intermediates\\exploded-aar\\com.android.support\\appcompat-v7\\23.1.1\\res\\drawable-v21\\abc_btn_colored_material.xml"
    },
    {
        "merged": "D:\\projects\\VirtualEyeDoc\\app\\build\\intermediates\\res\\merged\\debug\\drawable-v21\\ic_menu_slideshow.xml",
        "source": "D:\\projects\\VirtualEyeDoc\\app\\src\\main\\res\\drawable-v21\\ic_menu_slideshow.xml"
    },
    {
        "merged": "D:\\projects\\VirtualEyeDoc\\app\\build\\intermediates\\res\\merged\\debug\\drawable-v21\\abc_btn_colored_material.xml",
        "source": "D:\\projects\\VirtualEyeDoc\\app\\build\\intermediates\\exploded-aar\\com.android.support\\appcompat-v7\\23.1.1\\res\\drawable-v21\\abc_btn_colored_material.xml"
    },
    {
        "merged": "C:\\Users\\ASUS\\Desktop\\VirtualEyeDoc\\app\\build\\intermediates\\res\\merged\\debug\\drawable-v21\\ic_menu_share.xml",
        "source": "C:\\Users\\ASUS\\Desktop\\VirtualEyeDoc\\app\\src\\main\\res\\drawable-v21\\ic_menu_share.xml"
    },
    {
        "merged": "D:\\VirtualEyeDoc\\app\\build\\intermediates\\res\\merged\\debug\\drawable-v21\\ic_menu_gallery.xml",
        "source": "D:\\VirtualEyeDoc\\app\\src\\main\\res\\drawable-v21\\ic_menu_gallery.xml"
    },
    {
        "merged": "D:\\VirtualEyeDoc\\app\\build\\intermediates\\res\\merged\\debug\\drawable-v21\\ic_menu_send.xml",
        "source": "D:\\VirtualEyeDoc\\app\\src\\main\\res\\drawable-v21\\ic_menu_send.xml"
    },
    {
        "merged": "C:\\Users\\Shaborni\\AndroidStudioProjects\\VirtualEyeDoc\\app\\build\\intermediates\\res\\merged\\debug\\drawable-v21\\ic_menu_gallery.xml",
        "source": "C:\\Users\\Shaborni\\AndroidStudioProjects\\VirtualEyeDoc\\app\\src\\main\\res\\drawable-v21\\ic_menu_gallery.xml"
    },
    {
        "merged": "D:\\VirtualEyeDoc\\app\\build\\intermediates\\res\\merged\\debug\\drawable-v21\\ic_menu_camera.xml",
        "source": "D:\\VirtualEyeDoc\\app\\src\\main\\res\\drawable-v21\\ic_menu_camera.xml"
    },
    {
        "merged": "C:\\Users\\ASUS\\Desktop\\VirtualEyeDoc\\app\\build\\intermediates\\res\\merged\\debug\\drawable-v21\\ic_menu_camera.xml",
        "source": "C:\\Users\\ASUS\\Desktop\\VirtualEyeDoc\\app\\src\\main\\res\\drawable-v21\\ic_menu_camera.xml"
    },
    {
        "merged": "D:\\VirtualEyeDoc\\app\\build\\intermediates\\res\\merged\\debug\\drawable-v21\\ic_menu_slideshow.xml",
        "source": "D:\\VirtualEyeDoc\\app\\src\\main\\res\\drawable-v21\\ic_menu_slideshow.xml"
    },
    {
        "merged": "D:\\VirtualEyeDocFinal\\VirtualEyeDoc\\app\\build\\intermediates\\res\\merged\\debug\\drawable-v21\\ic_menu_camera.xml",
        "source": "D:\\VirtualEyeDocFinal\\VirtualEyeDoc\\app\\src\\main\\res\\drawable-v21\\ic_menu_camera.xml"
    },
    {
        "merged": "D:\\VirtualEyeDocFinal\\VirtualEyeDoc\\app\\build\\intermediates\\res\\merged\\debug\\drawable-v21\\ic_menu_share.xml",
        "source": "D:\\VirtualEyeDocFinal\\VirtualEyeDoc\\app\\src\\main\\res\\drawable-v21\\ic_menu_share.xml"
    },
    {
        "merged": "D:\\projects\\VirtualEyeDoc\\app\\build\\intermediates\\res\\merged\\debug\\drawable-v21\\ic_menu_send.xml",
        "source": "D:\\projects\\VirtualEyeDoc\\app\\src\\main\\res\\drawable-v21\\ic_menu_send.xml"
    },
    {
        "merged": "C:\\Users\\Shaborni\\AndroidStudioProjects\\VirtualEyeDoc\\app\\build\\intermediates\\res\\merged\\debug\\drawable-v21\\ic_menu_camera.xml",
        "source": "C:\\Users\\Shaborni\\AndroidStudioProjects\\VirtualEyeDoc\\app\\src\\main\\res\\drawable-v21\\ic_menu_camera.xml"
    },
    {
        "merged": "C:\\Users\\Shaborni\\AndroidStudioProjects\\VirtualEyeDoc\\app\\build\\intermediates\\res\\merged\\debug\\drawable-v21\\abc_action_bar_item_background_material.xml",
        "source": "C:\\Users\\Shaborni\\AndroidStudioProjects\\VirtualEyeDoc\\app\\build\\intermediates\\exploded-aar\\com.android.support\\appcompat-v7\\23.1.1\\res\\drawable-v21\\abc_action_bar_item_background_material.xml"
    },
    {
        "merged": "D:\\VirtualEyeDoc\\app\\build\\intermediates\\res\\merged\\debug\\drawable-v21\\abc_btn_colored_material.xml",
        "source": "D:\\VirtualEyeDoc\\app\\build\\intermediates\\exploded-aar\\com.android.support\\appcompat-v7\\23.1.1\\res\\drawable-v21\\abc_btn_colored_material.xml"
    },
    {
        "merged": "C:\\Users\\Shaborni\\AndroidStudioProjects\\VirtualEyeDoc\\app\\build\\intermediates\\res\\merged\\debug\\drawable-v21\\one.png",
        "source": "C:\\Users\\Shaborni\\AndroidStudioProjects\\VirtualEyeDoc\\app\\src\\main\\res\\drawable-v21\\one.png"
    },
    {
        "merged": "D:\\projects\\VirtualEyeDoc\\app\\build\\intermediates\\res\\merged\\debug\\drawable-v21\\ic_menu_camera.xml",
        "source": "D:\\projects\\VirtualEyeDoc\\app\\src\\main\\res\\drawable-v21\\ic_menu_camera.xml"
    },
    {
        "merged": "D:\\VirtualEyeDocFinal\\VirtualEyeDoc\\app\\build\\intermediates\\res\\merged\\debug\\drawable-v21\\one.png",
        "source": "D:\\VirtualEyeDocFinal\\VirtualEyeDoc\\app\\src\\main\\res\\drawable-v21\\one.png"
    },
    {
        "merged": "C:\\Users\\Shaborni\\AndroidStudioProjects\\VirtualEyeDoc\\app\\build\\intermediates\\res\\merged\\debug\\drawable-v21\\ic_menu_send.xml",
        "source": "C:\\Users\\Shaborni\\AndroidStudioProjects\\VirtualEyeDoc\\app\\src\\main\\res\\drawable-v21\\ic_menu_send.xml"
    }
]