[
    {
        "merged": "D:\\projects\\VirtualEyeDoc\\app\\build\\intermediates\\res\\merged\\debug\\drawable-v23\\abc_control_background_material.xml",
        "source": "D:\\projects\\VirtualEyeDoc\\app\\build\\intermediates\\exploded-aar\\com.android.support\\appcompat-v7\\23.1.1\\res\\drawable-v23\\abc_control_background_material.xml"
    },
    {
        "merged": "C:\\Users\\ASUS\\Desktop\\VirtualEyeDoc\\app\\build\\intermediates\\res\\merged\\debug\\drawable-v23\\abc_control_background_material.xml",
        "source": "C:\\Users\\ASUS\\Desktop\\VirtualEyeDoc\\app\\build\\intermediates\\exploded-aar\\com.android.support\\appcompat-v7\\23.1.1\\res\\drawable-v23\\abc_control_background_material.xml"
    },
    {
        "merged": "C:\\Users\\Shaborni\\AndroidStudioProjects\\VirtualEyeDoc\\app\\build\\intermediates\\res\\merged\\debug\\drawable-v23\\abc_control_background_material.xml",
        "source": "C:\\Users\\Shaborni\\AndroidStudioProjects\\VirtualEyeDoc\\app\\build\\intermediates\\exploded-aar\\com.android.support\\appcompat-v7\\23.1.1\\res\\drawable-v23\\abc_control_background_material.xml"
    },
    {
        "merged": "D:\\VirtualEyeDocFinal\\VirtualEyeDoc\\app\\build\\intermediates\\res\\merged\\debug\\drawable-v23\\abc_control_background_material.xml",
        "source": "D:\\VirtualEyeDocFinal\\VirtualEyeDoc\\app\\build\\intermediates\\exploded-aar\\com.android.support\\appcompat-v7\\23.1.1\\res\\drawable-v23\\abc_control_background_material.xml"
    },
    {
        "merged": "D:\\VirtualEyeDoc\\app\\build\\intermediates\\res\\merged\\debug\\drawable-v23\\abc_control_background_material.xml",
        "source": "D:\\VirtualEyeDoc\\app\\build\\intermediates\\exploded-aar\\com.android.support\\appcompat-v7\\23.1.1\\res\\drawable-v23\\abc_control_background_material.xml"
    }
]