[
    {
        "merged": "D:\\VirtualEyeDoc\\app\\build\\intermediates\\res\\merged\\debug\\layout-sw600dp-v13\\design_layout_snackbar.xml",
        "source": "D:\\VirtualEyeDoc\\app\\build\\intermediates\\exploded-aar\\com.android.support\\design\\23.1.1\\res\\layout-sw600dp\\design_layout_snackbar.xml"
    },
    {
        "merged": "D:\\projects\\VirtualEyeDoc\\app\\build\\intermediates\\res\\merged\\debug\\layout-sw600dp-v13\\design_layout_snackbar.xml",
        "source": "D:\\projects\\VirtualEyeDoc\\app\\build\\intermediates\\exploded-aar\\com.android.support\\design\\23.1.1\\res\\layout-sw600dp\\design_layout_snackbar.xml"
    },
    {
        "merged": "C:\\Users\\ASUS\\Desktop\\VirtualEyeDoc\\app\\build\\intermediates\\res\\merged\\debug\\layout-sw600dp-v13\\design_layout_snackbar.xml",
        "source": "C:\\Users\\ASUS\\Desktop\\VirtualEyeDoc\\app\\build\\intermediates\\exploded-aar\\com.android.support\\design\\23.1.1\\res\\layout-sw600dp\\design_layout_snackbar.xml"
    },
    {
        "merged": "D:\\VirtualEyeDocFinal\\VirtualEyeDoc\\app\\build\\intermediates\\res\\merged\\debug\\layout-sw600dp-v13\\design_layout_snackbar.xml",
        "source": "D:\\VirtualEyeDocFinal\\VirtualEyeDoc\\app\\build\\intermediates\\exploded-aar\\com.android.support\\design\\23.1.1\\res\\layout-sw600dp\\design_layout_snackbar.xml"
    },
    {
        "merged": "C:\\Users\\Shaborni\\AndroidStudioProjects\\VirtualEyeDoc\\app\\build\\intermediates\\res\\merged\\debug\\layout-sw600dp-v13\\design_layout_snackbar.xml",
        "source": "C:\\Users\\Shaborni\\AndroidStudioProjects\\VirtualEyeDoc\\app\\build\\intermediates\\exploded-aar\\com.android.support\\design\\23.1.1\\res\\layout-sw600dp\\design_layout_snackbar.xml"
    }
]