[
    {
        "merged": "D:\\VirtualEyeDoc\\app\\build\\intermediates\\res\\merged\\debug\\menu\\menu_diet_chart.xml",
        "source": "D:\\VirtualEyeDoc\\app\\src\\main\\res\\menu\\menu_diet_chart.xml"
    },
    {
        "merged": "C:\\Users\\ASUS\\Desktop\\VirtualEyeDoc\\app\\build\\intermediates\\res\\merged\\debug\\menu\\menu_diet_chart.xml",
        "source": "C:\\Users\\ASUS\\Desktop\\VirtualEyeDoc\\app\\src\\main\\res\\menu\\menu_diet_chart.xml"
    },
    {
        "merged": "C:\\Users\\Shaborni\\AndroidStudioProjects\\VirtualEyeDoc\\app\\build\\intermediates\\res\\merged\\debug\\menu\\menu_diet_chart.xml",
        "source": "C:\\Users\\Shaborni\\AndroidStudioProjects\\VirtualEyeDoc\\app\\src\\main\\res\\menu\\menu_diet_chart.xml"
    },
    {
        "merged": "D:\\projects\\VirtualEyeDoc\\app\\build\\intermediates\\res\\merged\\debug\\menu\\menu_exercise.xml",
        "source": "D:\\projects\\VirtualEyeDoc\\app\\src\\main\\res\\menu\\menu_exercise.xml"
    },
    {
        "merged": "D:\\VirtualEyeDocFinal\\VirtualEyeDoc\\app\\build\\intermediates\\res\\merged\\debug\\menu\\menu_diet_chart.xml",
        "source": "D:\\VirtualEyeDocFinal\\VirtualEyeDoc\\app\\src\\main\\res\\menu\\menu_diet_chart.xml"
    },
    {
        "merged": "D:\\VirtualEyeDocFinal\\VirtualEyeDoc\\app\\build\\intermediates\\res\\merged\\debug\\menu\\menu_exercise.xml",
        "source": "D:\\VirtualEyeDocFinal\\VirtualEyeDoc\\app\\src\\main\\res\\menu\\menu_exercise.xml"
    },
    {
        "merged": "C:\\Users\\Shaborni\\AndroidStudioProjects\\VirtualEyeDoc\\app\\build\\intermediates\\res\\merged\\debug\\menu\\menu_tips.xml",
        "source": "C:\\Users\\Shaborni\\AndroidStudioProjects\\VirtualEyeDoc\\app\\src\\main\\res\\menu\\menu_tips.xml"
    },
    {
        "merged": "C:\\Users\\Shaborni\\AndroidStudioProjects\\VirtualEyeDoc\\app\\build\\intermediates\\res\\merged\\debug\\menu\\activity_main_drawer.xml",
        "source": "C:\\Users\\Shaborni\\AndroidStudioProjects\\VirtualEyeDoc\\app\\src\\main\\res\\menu\\activity_main_drawer.xml"
    },
    {
        "merged": "D:\\projects\\VirtualEyeDoc\\app\\build\\intermediates\\res\\merged\\debug\\menu\\main.xml",
        "source": "D:\\projects\\VirtualEyeDoc\\app\\src\\main\\res\\menu\\main.xml"
    },
    {
        "merged": "C:\\Users\\Shaborni\\AndroidStudioProjects\\VirtualEyeDoc\\app\\build\\intermediates\\res\\merged\\debug\\menu\\menu_exercise.xml",
        "source": "C:\\Users\\Shaborni\\AndroidStudioProjects\\VirtualEyeDoc\\app\\src\\main\\res\\menu\\menu_exercise.xml"
    },
    {
        "merged": "C:\\Users\\ASUS\\Desktop\\VirtualEyeDoc\\app\\build\\intermediates\\res\\merged\\debug\\menu\\menu_exercise.xml",
        "source": "C:\\Users\\ASUS\\Desktop\\VirtualEyeDoc\\app\\src\\main\\res\\menu\\menu_exercise.xml"
    },
    {
        "merged": "C:\\Users\\ASUS\\Desktop\\VirtualEyeDoc\\app\\build\\intermediates\\res\\merged\\debug\\menu\\activity_main_drawer.xml",
        "source": "C:\\Users\\ASUS\\Desktop\\VirtualEyeDoc\\app\\src\\main\\res\\menu\\activity_main_drawer.xml"
    },
    {
        "merged": "D:\\VirtualEyeDocFinal\\VirtualEyeDoc\\app\\build\\intermediates\\res\\merged\\debug\\menu\\activity_main_drawer.xml",
        "source": "D:\\VirtualEyeDocFinal\\VirtualEyeDoc\\app\\src\\main\\res\\menu\\activity_main_drawer.xml"
    },
    {
        "merged": "D:\\projects\\VirtualEyeDoc\\app\\build\\intermediates\\res\\merged\\debug\\menu\\menu_diet_chart.xml",
        "source": "D:\\projects\\VirtualEyeDoc\\app\\src\\main\\res\\menu\\menu_diet_chart.xml"
    },
    {
        "merged": "D:\\VirtualEyeDoc\\app\\build\\intermediates\\res\\merged\\debug\\menu\\menu_exercise.xml",
        "source": "D:\\VirtualEyeDoc\\app\\src\\main\\res\\menu\\menu_exercise.xml"
    },
    {
        "merged": "D:\\VirtualEyeDoc\\app\\build\\intermediates\\res\\merged\\debug\\menu\\activity_main_drawer.xml",
        "source": "D:\\VirtualEyeDoc\\app\\src\\main\\res\\menu\\activity_main_drawer.xml"
    },
    {
        "merged": "D:\\projects\\VirtualEyeDoc\\app\\build\\intermediates\\res\\merged\\debug\\menu\\activity_main_drawer.xml",
        "source": "D:\\projects\\VirtualEyeDoc\\app\\src\\main\\res\\menu\\activity_main_drawer.xml"
    }
]