[
    {
        "merged": "D:\\VirtualEyeDoc\\app\\build\\intermediates\\res\\merged\\debug\\mipmap-xxxhdpi-v4\\ic_launcher.png",
        "source": "D:\\VirtualEyeDoc\\app\\src\\main\\res\\mipmap-xxxhdpi\\ic_launcher.png"
    },
    {
        "merged": "D:\\projects\\VirtualEyeDoc\\app\\build\\intermediates\\res\\merged\\debug\\mipmap-xxxhdpi-v4\\ic_launcher.png",
        "source": "D:\\projects\\VirtualEyeDoc\\app\\src\\main\\res\\mipmap-xxxhdpi\\ic_launcher.png"
    },
    {
        "merged": "D:\\VirtualEyeDocFinal\\VirtualEyeDoc\\app\\build\\intermediates\\res\\merged\\debug\\mipmap-xxxhdpi-v4\\ic_launcher.png",
        "source": "D:\\VirtualEyeDocFinal\\VirtualEyeDoc\\app\\src\\main\\res\\mipmap-xxxhdpi\\ic_launcher.png"
    },
    {
        "merged": "C:\\Users\\ASUS\\Desktop\\VirtualEyeDoc\\app\\build\\intermediates\\res\\merged\\debug\\mipmap-xxxhdpi-v4\\ic_launcher.png",
        "source": "C:\\Users\\ASUS\\Desktop\\VirtualEyeDoc\\app\\src\\main\\res\\mipmap-xxxhdpi\\ic_launcher.png"
    },
    {
        "merged": "C:\\Users\\Shaborni\\AndroidStudioProjects\\VirtualEyeDoc\\app\\build\\intermediates\\res\\merged\\debug\\mipmap-xxxhdpi-v4\\ic_launcher.png",
        "source": "C:\\Users\\Shaborni\\AndroidStudioProjects\\VirtualEyeDoc\\app\\src\\main\\res\\mipmap-xxxhdpi\\ic_launcher.png"
    }
]